,Cue,DCI
0,v,0.6702
1,z,0.6121
2,na,0.5836
3,##u,0.5836
4,za,0.5825
5,##y,0.5807
6,se,0.5696
7,a,0.5657
8,",",0.5648
9,##í,0.5631
10,##m,0.5571
11,##ě,0.5499
12,##ů,0.5497
13,V,0.5465
14,##a,0.5384
15,je,0.5367
16,##ře,0.5256
17,##t,0.5226
18,##ci,0.5173
19,ne,0.5141
20,do,0.5127
21,od,0.5126
22,##o,0.5056
23,##i,0.5055
24,##em,0.5048
25,př,0.5024
26,ob,0.5013
27,po,0.4995
28,##ý,0.4993
29,s,0.4966
30,před,0.4963
31,k,0.4957
32,##ní,0.4944
33,o,0.4916
34,##ř,0.4886
35,##ské,0.488
36,##é,0.4861
37,##ch,0.4848
38,##un,0.4834
39,pro,0.483
40,##k,0.4822
41,kor,0.4821
42,##ký,0.4821
43,##v,0.482
44,##e,0.4804
45,bude,0.4796
46,##l,0.4773
47,Pol,0.4772
48,##cké,0.4757
49,##vro,0.4736
50,##ří,0.4728
51,má,0.4724
52,proti,0.4711
53,##ps,0.4709
54,##ho,0.4707
55,B,0.4706
56,sou,0.47
57,##p,0.4699
58,pl,0.4693
59,E,0.4688
60,##ák,0.4684
61,při,0.4681
62,##ž,0.4681
63,hlavním,0.4668
64,##po,0.4655
65,Ko,0.4638
66,##ský,0.4633
67,##mí,0.4628
68,##át,0.4611
69,##ká,0.4605
70,.,0.4605
71,##ké,0.4599
72,##ny,0.4595
73,roce,0.4594
74,K,0.4594
75,##va,0.4582
76,##kého,0.4581
77,##ís,0.4577
78,vo,0.4577
79,ve,0.457
80,##á,0.457
81,##st,0.4563
82,ná,0.4559
83,##ců,0.4557
84,##mi,0.4545
85,roku,0.4538
86,##r,0.4528
87,##ba,0.4527
88,let,0.4524
89,Ir,0.4524
90,##áv,0.4519
91,hr,0.4513
92,##li,0.4507
93,š,0.4499
94,u,0.4485
95,USA,0.4482
96,##ole,0.4482
97,##ání,0.4474
98,##ová,0.4474
99,##ér,0.4472
100,##dě,0.4466
101,##vat,0.4458
102,##sku,0.4453
103,##ou,0.4453
104,pod,0.445
105,##ka,0.4449
106,##z,0.4445
107,P,0.4443
108,##ce,0.444
109,##íz,0.4427
110,##vá,0.4425
111,##lad,0.4421
112,út,0.4408
113,Č,0.4406
114,##n,0.4406
115,##lo,0.4404
116,##ěl,0.4404
117,če,0.4404
118,hl,0.4398
119,##ď,0.4396
120,##ěn,0.4395
121,##ná,0.4394
122,##tě,0.439
123,##yn,0.4388
124,byl,0.4387
125,ro,0.4377
126,##če,0.4359
127,byla,0.4359
128,##ni,0.4358
129,zemřel,0.4358
130,l,0.4348
131,##ýr,0.4348
132,##eto,0.4341
133,##ové,0.4329
134,Ž,0.4328
135,##ky,0.4313
136,že,0.4312
137,než,0.4312
138,M,0.4309
139,##bran,0.4307
140,##nol,0.4307
141,ho,0.4306
142,b,0.4306
143,##ly,0.4306
144,mil,0.4306
145,##ob,0.4306
146,OS,0.4301
147,##N,0.4301
148,##ické,0.4301
149,##edit,0.4297
150,prezident,0.4288
151,ko,0.428
152,##jí,0.4273
153,##vě,0.4268
154,##oz,0.4263
155,R,0.426
156,Před,0.426
157,ČR,0.4258
158,##je,0.4258
159,##še,0.4258
160,os,0.4258
161,##rán,0.4257
162,americké,0.4255
163,městě,0.4255
164,##seda,0.4252
165,Od,0.4248
166,Na,0.4244
167,##ýval,0.4242
168,##vo,0.4241
169,větší,0.4238
170,Při,0.4238
171,90,0.4238
172,1992,0.4238
173,##žské,0.4238
174,##tup,0.4238
175,Evropě,0.4238
176,Když,0.4238
177,##čnost,0.4238
178,##ogi,0.4238
179,##ň,0.4237
180,kon,0.4237
181,##h,0.4234
182,##sí,0.4233
183,S,0.4233
184,##al,0.422
185,##vil,0.422
186,##ského,0.4209
187,##jen,0.4208
188,ví,0.4208
189,pr,0.4208
190,##up,0.4208
191,##ého,0.4208
192,##s,0.4206
193,firmy,0.4206
194,Freud,0.4195
195,České,0.4195
196,##vé,0.4192
197,vol,0.4192
198,války,0.4192
199,##běh,0.4192
200,##ad,0.4189
201,premi,0.4188
202,Praze,0.4188
203,pra,0.4173
204,NATO,0.4173
205,##ku,0.4172
206,podporu,0.4171
207,ev,0.4171
208,##rop,0.4171
209,##ác,0.4171
210,##jev,0.4171
211,mezi,0.4171
212,##hl,0.4171
213,so,0.4171
214,##ra,0.4165
215,##ření,0.4163
216,##val,0.4159
217,zm,0.4159
218,Donald,0.4159
219,##vy,0.4147
220,##uz,0.4142
221,##ží,0.4142
222,##pr,0.4142
223,##wski,0.4142
224,##bo,0.4134
225,##vu,0.4133
226,##vání,0.412
227,##ři,0.4117
228,Š,0.4117
229,##řed,0.4117
230,##č,0.4113
231,chce,0.4112
232,Podle,0.4111
233,##Z,0.4107
234,##zta,0.4107
235,Í,0.4107
236,##d,0.4106
237,život,0.4104
238,##rá,0.4103
239,##av,0.4102
240,tr,0.4101
241,t,0.4101
242,druhé,0.4101
243,##znam,0.4101
244,sp,0.4101
245,##šť,0.4101
246,nav,0.41
247,I,0.41
248,##str,0.41
249,##ula,0.409
250,##cí,0.4088
251,##dr,0.4088
252,##ěž,0.4088
253,##kra,0.4088
254,##sto,0.4088
255,##ční,0.4088
256,##ále,0.4088
257,Sigmund,0.4088
258,ús,0.4088
259,Um,0.4083
260,##oli,0.4083
261,##ovala,0.4083
262,##áhl,0.4083
263,##rno,0.4083
264,##šské,0.4083
265,státu,0.4083
266,tom,0.4083
267,##ená,0.4083
268,##álních,0.4083
269,lik,0.4083
270,##vida,0.4083
271,ale,0.4083
272,##án,0.4083
273,komun,0.4083
274,##čená,0.4083
275,pouze,0.4083
276,leto,0.4083
277,##tné,0.4083
278,států,0.4083
279,##žní,0.4083
280,##did,0.4083
281,##jší,0.4083
282,Nest,0.4083
283,sna,0.4083
284,bank,0.4083
285,franco,0.4083
286,ukr,0.4077
287,Sp,0.4077
288,ins,0.4077
289,-,0.4075
290,ř,0.4069
291,##ín,0.4069
292,##ád,0.4066
293,st,0.4065
294,##vi,0.4065
295,demo,0.4065
296,##nst,0.4065
297,##rak,0.4064
298,území,0.4064
299,##vila,0.4064
300,##oku,0.4064
301,##sko,0.4064
302,podle,0.4064
303,##tl,0.4064
304,sed,0.4064
305,##žuje,0.4064
306,organi,0.4064
307,##er,0.4064
308,mu,0.4064
309,rámci,0.4064
310,Tom,0.4064
311,Ok,0.4064
312,2,0.4064
313,nu,0.4064
314,te,0.4064
315,C,0.4064
316,Se,0.4064
317,##dně,0.4064
318,##hoda,0.4064
319,##at,0.4064
320,##ji,0.4064
321,##am,0.4064
322,bit,0.4058
323,Ne,0.4054
324,##řel,0.4052
325,d,0.4052
326,##nu,0.405
327,O,0.405
328,dubna,0.4046
329,##ási,0.4046
330,##hy,0.4046
331,##kol,0.4046
332,##dou,0.4043
333,##ěz,0.4043
334,##c,0.4042
335,oz,0.4041
336,nej,0.4028
337,Z,0.4023
338,##E,0.4022
339,jsou,0.4021
340,##mu,0.4015
341,státní,0.4002
342,společnost,0.4002
343,##ských,0.4002
344,stát,0.4002
345,taj,0.4002
346,##ská,0.4002
347,Tu,0.4002
348,kraji,0.4002
349,##ného,0.4002
350,##ov,0.4002
351,##ně,0.4
352,##ět,0.4
353,##čení,0.3985
354,##aso,0.3985
355,jedna,0.3985
356,##sts,0.3985
357,##né,0.3985
358,milion,0.3985
359,získal,0.3985
360,Brně,0.3984
361,##ští,0.3977
362,##áři,0.3977
363,op,0.3977
364,##dce,0.3977
365,##ných,0.3977
366,neu,0.3977
367,bylo,0.3976
368,pad,0.3976
369,##tu,0.3976
370,##ják,0.3976
371,D,0.3976
372,##so,0.3976
373,kan,0.3976
374,unie,0.3976
375,rady,0.3976
376,Česko,0.3976
377,lidí,0.3976
378,proto,0.3976
379,##ovat,0.3974
380,##vý,0.3974
381,##dá,0.3963
382,přes,0.396
383,##no,0.3956
384,##čí,0.3951
385,##eh,0.3935
386,##ení,0.3935
387,St,0.3933
388,prostředí,0.3932
389,země,0.393
390,N,0.393
391,U,0.393
392,Do,0.393
393,##ví,0.3929
394,Amer,0.3919
395,méně,0.3918
396,tech,0.3918
397,pen,0.3918
398,##já,0.3918
399,##oma,0.3918
400,##dné,0.3918
401,br,0.3918
402,lo,0.3918
403,##iard,0.3918
404,světové,0.3918
405,lid,0.3918
406,##rny,0.3918
407,aby,0.3918
408,##rku,0.3918
409,1989,0.3918
410,##ühle,0.3918
411,Motor,0.3918
412,Peter,0.3918
413,Kent,0.3918
414,Zurich,0.3918
415,Santander,0.3918
416,Me,0.3915
417,##há,0.3915
418,##is,0.3915
419,Česku,0.3915
420,##klad,0.3915
421,##ální,0.3915
422,##el,0.3915
423,##ele,0.3915
424,Astrid,0.3915
425,Lin,0.3915
426,##dgren,0.3915
427,##ars,0.3915
428,##stav,0.3912
429,##j,0.391
430,##mě,0.3906
431,ze,0.3905
432,##lí,0.39
433,##vin,0.3899
434,##jem,0.3897
435,pot,0.3897
436,##pe,0.3893
437,aktiv,0.3892
438,##žší,0.3892
439,kat,0.3892
440,církve,0.3892
441,problémy,0.3892
442,##dek,0.3892
443,##álně,0.3892
444,motor,0.3892
445,##zen,0.3892
446,Sport,0.3892
447,##šil,0.3892
448,##vede,0.3892
449,##nár,0.3892
450,jedná,0.3892
451,ce,0.3892
452,##čem,0.3892
453,systém,0.3892
454,Šv,0.3892
455,##zov,0.3892
456,Boleslav,0.3892
457,##éka,0.3892
458,##iti,0.3892
459,10000,0.3892
460,##gor,0.3892
461,##žené,0.3892
462,Autor,0.3892
463,##rii,0.3892
464,##vol,0.3892
465,##zice,0.3892
466,téměř,0.3892
467,ani,0.3892
468,pan,0.3892
469,hodin,0.3892
470,dále,0.3892
471,##ici,0.3892
472,še,0.3892
473,celkem,0.3892
474,liter,0.3892
475,##tinent,0.3892
476,2020,0.3892
477,##pad,0.3892
478,Let,0.3892
479,##do,0.3892
480,##skou,0.3892
481,##dido,0.3892
482,Parc,0.3892
483,##ely,0.3892
484,Group,0.3892
485,##rpa,0.3892
486,ha,0.3892
487,##sl,0.3892
488,##oven,0.3892
489,##čen,0.3892
490,prav,0.3892
491,##vr,0.3892
492,def,0.3892
493,##ino,0.3892
494,člen,0.3892
495,##dil,0.3892
496,##ión,0.3892
497,již,0.3892
498,##jó,0.3892
499,##ovna,0.3892
500,Massachusetts,0.3892
501,cena,0.3892
502,##hla,0.3881
503,ot,0.3881
504,##zn,0.3876
505,bu,0.3871
506,##M,0.3871
507,##vých,0.3869
508,##žen,0.3869
509,me,0.3869
510,##ost,0.3869
511,ml,0.3869
512,Králové,0.3869
513,##ník,0.3869
514,Ki,0.3869
515,mun,0.3869
516,##ve,0.3869
517,voz,0.3869
518,##om,0.3869
519,##mil,0.3869
520,Andrzej,0.3863
521,ud,0.3856
522,um,0.3856
523,##ut,0.3856
524,##ůl,0.3856
525,počet,0.3856
526,Pod,0.3856
527,Jiří,0.3856
528,Ř,0.3856
529,us,0.3856
530,##ěla,0.3856
531,##bu,0.3856
532,Ma,0.3856
533,už,0.3856
534,##bě,0.3856
535,meta,0.3856
536,dis,0.3848
537,##či,0.3844
538,ni,0.3844
539,Pan,0.3844
540,##ém,0.3844
541,##bud,0.384
542,##ovi,0.384
543,##lé,0.384
544,prop,0.384
545,tres,0.3839
546,více,0.3834
547,spolu,0.3832
548,##pra,0.3832
549,ned,0.3832
550,největší,0.3832
551,##bra,0.3832
552,##de,0.3832
553,##rac,0.3832
554,##ům,0.3832
555,Ha,0.3832
556,Hr,0.3832
557,divadlo,0.3832
558,##bor,0.3832
559,##zí,0.3832
560,##tit,0.3832
561,dnes,0.3832
562,##šče,0.3832
563,G,0.3826
564,##rov,0.3826
565,##ál,0.3826
566,ú,0.3804
567,nad,0.3802
568,##ár,0.3801
569,div,0.3801
570,##kt,0.3795
571,Česká,0.3795
572,##kém,0.3781
573,##pan,0.3781
574,##zu,0.3781
575,Ba,0.3781
576,##ura,0.3781
577,##ciano,0.3781
578,kvart,0.3781
579,##zid,0.3778
580,##ent,0.3778
581,T,0.3761
582,##nou,0.3761
583,film,0.3761
584,##kai,0.3759
585,##ách,0.3759
586,i,0.3759
587,##ný,0.3759
588,##ků,0.3759
589,Japon,0.3759
590,##du,0.3759
591,##ud,0.3759
592,##šo,0.3759
593,##ha,0.3759
594,##ích,0.3759
595,ch,0.3759
596,37,0.3759
597,##íd,0.3759
598,##mn,0.3759
599,Gene,0.3759
600,##rální,0.3759
601,##vedl,0.3759
602,15,0.3759
603,##kut,0.3759
604,##jni,0.3759
605,##lko,0.3759
606,En,0.3759
607,##erg,0.3759
608,##O,0.3759
609,Soc,0.3759
610,##ív,0.3759
611,##chodní,0.3759
612,Mini,0.3759
613,města,0.3759
614,Cho,0.3759
615,##msky,0.3759
616,fina,0.375
617,které,0.375
618,Post,0.375
619,Polska,0.3749
620,##skými,0.3749
621,boj,0.3749
622,##kot,0.3749
623,##ství,0.3749
624,##bro,0.3749
625,##lov,0.3749
626,##ska,0.3749
627,och,0.3749
628,##čan,0.3749
629,##by,0.3749
630,##ens,0.3749
631,Ga,0.3749
632,##ární,0.3749
633,dvě,0.3749
634,n,0.3749
635,##hu,0.3749
636,##ben,0.3749
637,zemí,0.3749
638,20,0.3749
639,Mezi,0.3749
640,##sed,0.3749
641,##smu,0.3749
642,měla,0.3749
643,##pl,0.3749
644,nem,0.3749
645,nar,0.3749
646,SPD,0.3749
647,##io,0.3749
648,##oky,0.3749
649,Brit,0.3749
650,nek,0.3749
651,den,0.3749
652,září,0.3749
653,Pokud,0.3749
654,##nské,0.3749
655,zoo,0.3749
656,ka,0.3749
657,posta,0.3749
658,Lu,0.3749
659,ak,0.3749
660,##cars,0.3749
661,##ního,0.3747
662,Rus,0.3747
663,ele,0.3745
664,č,0.3745
665,##bí,0.3726
666,Ku,0.3725
667,ž,0.3725
668,šest,0.372
669,##ct,0.372
670,%,0.3716
671,##ší,0.3716
672,A,0.3716
673,kteří,0.3716
674,Os,0.3716
675,Trump,0.3716
676,##ánu,0.3716
677,##lý,0.3716
678,stále,0.3716
679,volbách,0.3716
680,další,0.3716
681,parlamentu,0.3716
682,##rstva,0.3716
683,vedení,0.3716
684,##ru,0.3716
685,host,0.3716
686,##hod,0.3716
687,##loni,0.3716
688,##le,0.3716
689,##hody,0.3716
690,500,0.3716
691,##chod,0.3716
692,##aji,0.3716
693,re,0.3716
694,##kon,0.3716
695,##ového,0.3716
696,##ův,0.3716
697,##áš,0.3716
698,##yt,0.3716
699,##ěch,0.3716
700,rozvoj,0.3716
701,Viktor,0.3716
702,obra,0.3716
703,Kanada,0.3716
704,procent,0.3715
705,uz,0.3715
706,So,0.3715
707,Václav,0.3715
708,cenu,0.3715
709,poprvé,0.3715
710,##ova,0.3715
711,střední,0.3714
712,milionů,0.3714
713,Ka,0.3696
714,##na,0.3672
715,##ysta,0.3672
716,první,0.3655
717,své,0.3655
718,##sk,0.3655
719,Sv,0.3655
720,##dra,0.3655
721,##ovou,0.3655
722,##kání,0.3652
723,Los,0.3652
724,si,0.3652
725,##nik,0.3652
726,p,0.3652
727,##jsk,0.3652
728,##uv,0.3652
729,##zem,0.3652
730,Petr,0.3652
731,##oda,0.3652
732,pop,0.3652
733,min,0.3652
734,Bol,0.3652
735,nového,0.3652
736,ma,0.3652
737,##nka,0.3652
738,m,0.3651
739,Mora,0.3648
740,##tí,0.3648
741,Pre,0.3648
742,prezidenta,0.3648
743,sl,0.3648
744,##ne,0.3646
745,kr,0.3642
746,Op,0.3638
747,historic,0.3638
748,množství,0.3638
749,##eno,0.3638
750,politic,0.3638
751,##čně,0.3638
752,symbol,0.3638
753,##ický,0.3638
754,##bli,0.3638
755,##žně,0.3638
756,##valo,0.3638
757,regionu,0.3638
758,##su,0.3638
759,##upu,0.3638
760,Rodney,0.3638
761,King,0.3638
762,##lán,0.3638
763,29,0.3638
764,##ily,0.3638
765,##losti,0.3638
766,##zna,0.3638
767,##zan,0.3638
768,##jiny,0.3638
769,203,0.3638
770,##bach,0.3638
771,##aly,0.3638
772,patří,0.3638
773,##tli,0.3638
774,##oke,0.3638
775,sur,0.3638
776,afro,0.3638
777,Tam,0.3638
778,##au,0.3638
779,##lipas,0.3638
780,##da,0.3638
781,##ík,0.3638
782,##akt,0.3638
783,Arm,0.3638
784,zemi,0.3638
785,##pos,0.3638
786,fire,0.3638
787,##ávání,0.3638
788,John,0.3638
789,Houghton,0.3638
790,g,0.3638
791,##álním,0.3638
792,##sle,0.3638
793,osob,0.3638
794,##áp,0.3638
795,##rk,0.3638
796,počas,0.3638
797,##rat,0.3638
798,##říže,0.3638
799,autor,0.3638
800,##tná,0.3638
801,##éd,0.3638
802,napsal,0.3638
803,##ádu,0.3638
804,##áva,0.3638
805,##zky,0.3638
806,##tví,0.3638
807,českých,0.3638
808,být,0.3638
809,kandidat,0.3638
810,##uru,0.3638
811,Denver,0.3638
812,##kti,0.3638
813,##izo,0.3638
814,##tele,0.3638
815,##ást,0.3638
816,existuje,0.3638
817,##kaj,0.3638
818,uk,0.3638
819,vysoké,0.3638
820,pozici,0.3638
821,##istic,0.3638
822,##kých,0.3638
823,##enského,0.3638
824,politika,0.3638
825,jednom,0.3638
826,hlavní,0.3638
827,##voje,0.3638
828,##jící,0.3638
829,transport,0.3638
830,audio,0.3638
831,instal,0.3638
832,##vuje,0.3638
833,##ismu,0.3638
834,##ecké,0.3638
835,##ího,0.3638
836,##ia,0.3638
837,vznikla,0.3638
838,4,0.3638
839,##klo,0.3638
840,##pou,0.3638
841,Během,0.3638
842,nikdy,0.3638
843,##kce,0.3638
844,Hole,0.3638
845,čele,0.3638
846,1235,0.3638
847,##eš,0.3638
848,##itě,0.3638
849,##tek,0.3638
850,organizace,0.3638
851,##dí,0.3638
852,##ila,0.3638
853,filmy,0.3638
854,Ú,0.3638
855,trad,0.3638
856,##des,0.3638
857,odehrál,0.3638
858,##it,0.3638
859,##dl,0.3638
860,poblíž,0.3638
861,##ť,0.3638
862,oproti,0.3638
863,členů,0.3638
864,##padku,0.3638
865,##íku,0.3638
866,##kách,0.3638
867,Spojené,0.3638
868,či,0.3638
869,Ze,0.3638
870,Ar,0.3638
871,jin,0.3638
872,referendum,0.3638
873,začal,0.3638
874,##šně,0.3638
875,objekt,0.3638
876,##fa,0.3638
877,##ven,0.3638
878,##šen,0.3638
879,jižní,0.3638
880,##iv,0.3638
881,energie,0.3638
882,fond,0.3638
883,pi,0.3638
884,Zo,0.3638
885,##ube,0.3638
886,##ela,0.3638
887,##lek,0.3638
888,Tra,0.3638
889,##dice,0.3638
890,##ických,0.3638
891,##pada,0.3638
892,##enal,0.3638
893,Ra,0.3638
894,dobře,0.3638
895,##jd,0.3638
896,##ilo,0.3638
897,j,0.3638
898,liber,0.3638
899,vyko,0.3638
900,##osti,0.3638
901,##b,0.3638
902,##ývá,0.3638
903,Marathon,0.3638
904,Expo,0.3638
905,1841,0.3638
906,##bil,0.3638
907,použití,0.3638
908,minulosti,0.3638
909,##štní,0.3638
910,75,0.3638
911,##vári,0.3638
912,Challenger,0.3638
913,Col,0.3638
914,##far,0.3638
915,30,0.3638
916,skupině,0.3638
917,institut,0.3638
918,##ček,0.3638
919,vice,0.3638
920,##vern,0.3638
921,národní,0.3638
922,částečně,0.3638
923,vin,0.3638
924,##agan,0.3638
925,Nikolaj,0.3638
926,Nos,0.3638
927,United,0.3638
928,Islands,0.3638
929,##ena,0.3638
930,##etu,0.3638
931,Velká,0.3638
932,Akademie,0.3638
933,##rose,0.3638
934,Só,0.3638
935,2009,0.3638
936,##ej,0.3631
937,fede,0.3628
938,##kod,0.3625
939,##hodu,0.3625
940,##cen,0.3625
941,##ít,0.3625
942,##ním,0.3625
943,EU,0.3625
944,##lat,0.3625
945,##ham,0.3625
946,##ních,0.3619
947,všech,0.3605
948,##ňuje,0.3602
949,brit,0.36
950,sk,0.36
951,##dy,0.36
952,##ým,0.36
953,##lav,0.36
954,##ze,0.36
955,##olo,0.36
956,rak,0.36
957,##rova,0.36
958,##bán,0.36
959,##ident,0.36
960,Che,0.36
961,##il,0.36
962,sva,0.3584
963,##alo,0.3584
964,##řech,0.3584
965,Arc,0.3577
966,##elor,0.3577
967,##itt,0.3577
968,Ostrava,0.3577
969,vlády,0.3577
970,Sad,0.3577
971,Hus,0.3577
972,brat,0.3577
973,ceny,0.3577
974,rekord,0.3577
975,##ově,0.3577
976,jih,0.3577
977,##lá,0.3577
978,dva,0.3577
979,##vola,0.3577
980,##pop,0.3577
981,##žu,0.3565
982,vodní,0.3565
983,##tá,0.3565
984,##gu,0.3565
985,##xo,0.3565
986,##te,0.3565
987,##lez,0.3565
988,om,0.3565
989,ci,0.3565
990,##voj,0.3565
991,civili,0.3565
992,Ky,0.3565
993,rus,0.3565
994,22,0.3565
995,2005,0.3565
996,byly,0.3565
997,Diplomat,0.3565
998,##ými,0.3565
999,##in,0.3565
1000,vede,0.3565
1001,##odní,0.3565
1002,2007,0.3565
1003,český,0.3565
1004,společnosti,0.3565
1005,##oval,0.3565
1006,##cti,0.3565
1007,gal,0.3565
1008,gener,0.3565
1009,Velké,0.3565
1010,ti,0.3565
1011,##stavuje,0.3565
1012,##čas,0.3565
1013,##tech,0.3565
1014,##čoval,0.3565
1015,##žský,0.3565
1016,##ěli,0.3565
1017,Německu,0.3565
1018,Slovensko,0.3565
1019,##nská,0.3565
1020,Clinton,0.3565
1021,##ojen,0.3565
1022,##nský,0.3565
1023,Milan,0.3565
1024,Tank,0.3565
1025,vele,0.3565
1026,##žování,0.3565
1027,##pin,0.3565
1028,##dler,0.3565
1029,##ulé,0.3565
1030,##tno,0.3565
1031,1945,0.3565
1032,##halen,0.3565
1033,##íle,0.3565
1034,Gabriel,0.3565
1035,Star,0.3565
1036,náměstí,0.3565
1037,##nem,0.3565
1038,tv,0.3565
1039,ur,0.3565
1040,The,0.3565
1041,##tav,0.3565
1042,Zu,0.3565
1043,neo,0.3565
1044,##lou,0.3565
1045,##pod,0.3565
1046,##ts,0.3565
1047,ún,0.3565
1048,##os,0.3565
1049,Fiat,0.3565
1050,126,0.3565
1051,No,0.3565
1052,##pek,0.3565
1053,##lověk,0.3565
1054,ex,0.3565
1055,##mini,0.3565
1056,leta,0.3563
1057,##lu,0.3563
1058,##š,0.3563
1059,##race,0.3556
1060,##bník,0.355
1061,##áků,0.355
1062,##avo,0.355
1063,která,0.355
1064,##eli,0.355
1065,##ám,0.355
1066,##xi,0.355
1067,##žel,0.355
1068,##xic,0.355
1069,poli,0.355
1070,##cist,0.355
1071,byli,0.355
1072,##ezi,0.355
1073,##mou,0.355
1074,##áni,0.355
1075,velké,0.355
1076,gi,0.355
1077,##gant,0.355
1078,##pla,0.355
1079,##pade,0.355
1080,Buda,0.355
1081,zařízení,0.355
1082,##amer,0.355
1083,##ed,0.355
1084,Pr,0.355
1085,##čit,0.355
1086,##cel,0.355
1087,František,0.355
1088,Rusko,0.355
1089,var,0.355
1090,##má,0.355
1091,##evo,0.355
1092,##xe,0.355
1093,##cho,0.355
1094,místní,0.355
1095,skončila,0.355
1096,2002,0.355
1097,##čo,0.355
1098,##ánie,0.355
1099,##rven,0.355
1100,cestu,0.355
1101,##lavno,0.355
1102,slov,0.355
1103,##čné,0.355
1104,Sa,0.355
1105,##ski,0.355
1106,##um,0.355
1107,Kun,0.355
1108,##dera,0.355
1109,##stru,0.355
1110,##arsku,0.355
1111,skupina,0.355
1112,##ža,0.355
1113,##ran,0.355
1114,##itel,0.355
1115,bitvě,0.355
1116,##plot,0.355
1117,##ují,0.355
1118,filma,0.355
1119,##iky,0.355
1120,informa,0.355
1121,##nsku,0.355
1122,##átní,0.355
1123,str,0.355
1124,##pon,0.355
1125,dar,0.355
1126,151,0.355
1127,##ozen,0.355
1128,##ych,0.355
1129,jeho,0.355
1130,##rdí,0.355
1131,David,0.355
1132,Cameron,0.355
1133,##hle,0.355
1134,##ús,0.355
1135,případě,0.355
1136,##kend,0.355
1137,##rol,0.355
1138,in,0.355
1139,##rah,0.355
1140,##bod,0.355
1141,##lem,0.355
1142,##vali,0.355
1143,##áns,0.355
1144,řízení,0.355
1145,amerického,0.355
1146,Jason,0.355
1147,Reza,0.355
1148,##áci,0.355
1149,##kat,0.355
1150,svou,0.355
1151,##mo,0.355
1152,hal,0.355
1153,věku,0.355
1154,ok,0.355
1155,li,0.355
1156,##ng,0.355
1157,##vist,0.355
1158,ministra,0.355
1159,banky,0.355
1160,Nie,0.355
1161,##der,0.355
1162,##may,0.355
1163,TOP,0.355
1164,##nih,0.355
1165,Ve,0.354
1166,##la,0.3528
1167,##vou,0.3522
1168,##aj,0.3522
1169,##uje,0.3502
1170,##kou,0.3502
1171,##vec,0.3501
1172,americký,0.3481
1173,##řil,0.3481
1174,##ěk,0.3481
1175,##rp,0.3481
1176,##ává,0.3481
1177,vláda,0.3481
1178,Hlavní,0.3481
1179,Fr,0.3481
1180,2008,0.3481
1181,polsk,0.3481
1182,##vot,0.3481
1183,provozu,0.3481
1184,sv,0.3481
1185,##nční,0.3481
1186,##chy,0.3481
1187,##ice,0.3481
1188,##cha,0.3481
1189,##ový,0.3475
1190,##ování,0.3454
1191,##czyński,0.3452
1192,deset,0.3449
1193,##dov,0.3449
1194,mají,0.3449
1195,voli,0.3449
1196,##čů,0.3449
1197,vs,0.3449
1198,##ným,0.3449
1199,mí,0.3449
1200,poc,0.3449
1201,poslední,0.3449
1202,##T,0.3449
1203,##ži,0.3449
1204,Jan,0.3433
1205,##vena,0.3433
1206,mini,0.3433
1207,##ev,0.3433
1208,##ových,0.3433
1209,##nost,0.3433
1210,##ých,0.3428
1211,Pro,0.3428
1212,##ění,0.3428
1213,##pro,0.3428
1214,bez,0.3428
1215,asi,0.3428
1216,##vení,0.3428
1217,Muslims,0.3428
1218,##stava,0.3428
1219,##ys,0.3428
1220,hod,0.3428
1221,##iště,0.3428
1222,Po,0.3428
1223,##ek,0.3428
1224,##ma,0.3428
1225,smrti,0.3428
1226,##mé,0.3428
1227,soudní,0.3428
1228,pla,0.3423
1229,##gro,0.3414
1230,jako,0.3414
1231,syna,0.3414
1232,##elem,0.3414
1233,##ie,0.3414
1234,##oš,0.3414
1235,planet,0.3414
1236,kamp,0.3414
1237,není,0.3414
1238,Bush,0.3414
1239,##nance,0.3414
1240,##ském,0.3414
1241,##zin,0.3414
1242,##čnou,0.3414
1243,##kem,0.3414
1244,##ií,0.3414
1245,##átek,0.3414
1246,##ró,0.3414
1247,##iz,0.3414
1248,##umi,0.3414
1249,##jevil,0.3414
1250,##ící,0.3414
1251,##ré,0.3414
1252,##lan,0.3414
1253,Hollywood,0.3414
1254,##erii,0.3414
1255,nové,0.3414
1256,agent,0.3414
1257,nen,0.3414
1258,Sen,0.3414
1259,##čni,0.3414
1260,Aleksander,0.3414
1261,Kwa,0.3414
1262,##śnie,0.3414
1263,##onal,0.3414
1264,##tino,0.3414
1265,And,0.3414
1266,##rij,0.3414
1267,Lys,0.3414
1268,##enko,0.3414
1269,##nání,0.3414
1270,info,0.3414
1271,##rmo,0.3414
1272,##ecký,0.3414
1273,##isku,0.3414
1274,##ovali,0.3414
1275,24,0.3414
1276,##zku,0.3414
1277,##žitosti,0.3414
1278,Michal,0.3414
1279,západní,0.3414
1280,##ář,0.3414
1281,##zích,0.3414
1282,##or,0.3414
1283,##zana,0.3414
1284,Ho,0.3414
1285,##eln,0.3414
1286,Kan,0.3414
1287,##of,0.3414
1288,##ovny,0.3414
1289,70,0.3414
1290,em,0.3414
1291,##upil,0.3414
1292,##I,0.3414
1293,Info,0.3414
1294,##rma,0.3414
1295,##lil,0.3414
1296,Par,0.3414
1297,##dub,0.3414
1298,Gand,0.3414
1299,##niku,0.3414
1300,Jaroslav,0.3394
1301,obyvatel,0.3394
1302,sto,0.3394
1303,##tr,0.3394
1304,##řad,0.3394
1305,vlak,0.3384
1306,go,0.3384
1307,##bel,0.3384
1308,hudební,0.3384
1309,pomoc,0.338
1310,který,0.3366
1311,##nan,0.3366
1312,##vky,0.3366
1313,zákona,0.3366
1314,##prav,0.3366
1315,##ate,0.3366
1316,##účastnil,0.3337
1317,##stra,0.3337
1318,Rad,0.3337
1319,##nice,0.3337
1320,firma,0.3337
1321,ku,0.3337
1322,vody,0.3311
1323,amerických,0.3311
1324,Ob,0.3311
1325,ry,0.3311
1326,##hov,0.3311
1327,Mat,0.3311
1328,##ši,0.3311
1329,První,0.3311
1330,##go,0.3311
1331,##ruz,0.3311
1332,prvním,0.3311
1333,pape,0.3311
1334,##ladi,0.3311
1335,řeky,0.3311
1336,ros,0.3311
1337,armáda,0.3311
1338,##del,0.3311
1339,##ep,0.3311
1340,nachází,0.3311
1341,##šlo,0.3311
1342,##štění,0.3311
1343,Angeles,0.3311
1344,14,0.3311
1345,května,0.3311
1346,význam,0.3311
1347,Francie,0.3311
1348,ocho,0.3311
1349,##tna,0.3311
1350,nemá,0.3311
1351,jedno,0.3311
1352,Lech,0.3311
1353,##ta,0.3311
1354,##prave,0.3311
1355,##šti,0.3311
1356,opět,0.3311
1357,##tali,0.3311
1358,##tiny,0.3311
1359,cel,0.3311
1360,##eti,0.3311
1361,##7,0.3311
1362,##krajina,0.3311
1363,tisíc,0.3311
1364,##tila,0.3311
1365,##čené,0.3311
1366,##ckého,0.3311
1367,sa,0.3311
1368,##bot,0.3311
1369,##áže,0.3311
1370,7,0.3311
1371,motori,0.3311
1372,tun,0.3311
1373,sous,0.3311
1374,ide,0.3311
1375,summit,0.3311
1376,student,0.3311
1377,##ěr,0.3311
1378,ja,0.3311
1379,východ,0.3311
1380,Pa,0.3311
1381,##čili,0.3311
1382,##ským,0.3311
1383,##mov,0.3311
1384,eu,0.3311
1385,stav,0.3311
1386,c,0.3311
1387,Kromě,0.3311
1388,auto,0.3311
1389,##říž,0.3311
1390,čtyři,0.3311
1391,sta,0.3311
1392,Richard,0.3311
1393,Egypt,0.3311
1394,de,0.3311
1395,Chile,0.3311
1396,##íř,0.3311
1397,Hans,0.3311
1398,situa,0.3311
1399,##ace,0.3311
1400,republiky,0.3311
1401,##ím,0.3311
1402,##ec,0.3311
1403,##ndu,0.3311
1404,republika,0.3311
1405,Kap,0.3311
1406,Proc,0.3311
1407,13,0.3311
1408,lety,0.3311
1409,odc,0.3311
1410,Tunis,0.3311
1411,##ko,0.3311
1412,rede,0.3311
1413,dětí,0.3311
1414,11,0.3311
1415,hotel,0.3311
1416,##jících,0.3311
1417,1973,0.3311
1418,##daj,0.3311
1419,##jst,0.3311
1420,amat,0.3311
1421,soutěži,0.3311
1422,##jn,0.3311
1423,Jozef,0.3311
1424,Ti,0.3311
1425,##raven,0.3311
1426,##činy,0.3311
1427,##hn,0.3311
1428,##ul,0.3311
1429,hlavně,0.3311
1430,115,0.3311
1431,##uno,0.3311
1432,##rně,0.3311
1433,armády,0.3311
1434,##ací,0.3311
1435,umění,0.3311
1436,##an,0.3311
1437,##ury,0.3311
1438,##me,0.3311
1439,##azil,0.3311
1440,##re,0.3311
1441,televizní,0.3311
1442,##nd,0.3311
1443,dopravy,0.3311
1444,##en,0.3311
1445,české,0.3311
1446,tomto,0.3311
1447,metro,0.3311
1448,##vic,0.3311
1449,činnost,0.3311
1450,PR,0.3311
1451,to,0.3311
1452,ly,0.3311
1453,##méně,0.3311
1454,##átých,0.3311
1455,století,0.3311
1456,Diva,0.3311
1457,festivalu,0.3311
1458,městské,0.3311
1459,tank,0.3311
1460,##buje,0.3311
1461,##hra,0.3311
1462,##niční,0.3311
1463,Národní,0.3311
1464,2016,0.3311
1465,ps,0.3311
1466,##oan,0.3311
1467,##zy,0.3311
1468,##chu,0.3311
1469,##yst,0.3311
1470,jazyk,0.3311
1471,##átku,0.3311
1472,Firma,0.3311
1473,tlak,0.3311
1474,kontrakt,0.3311
1475,státy,0.3311
1476,##odů,0.3311
1477,##zh,0.3311
1478,##odu,0.3311
1479,##bii,0.3311
1480,##čných,0.3311
1481,nyní,0.3311
1482,##ijs,0.3311
1483,politické,0.3311
1484,strany,0.3311
1485,##ize,0.3311
1486,narodil,0.3311
1487,Če,0.3311
1488,Rekord,0.3311
1489,1775,0.3311
1490,##rsku,0.3311
1491,##lně,0.3311
1492,dot,0.3311
1493,Charles,0.3311
1494,##ili,0.3311
1495,ae,0.3311
1496,##ink,0.3311
1497,díky,0.3311
1498,červnu,0.3311
1499,žije,0.3311
1500,městem,0.3311
1501,##cet,0.3311
1502,##hal,0.3311
1503,##áze,0.3311
1504,##f,0.3311
1505,##obe,0.3311
1506,##jit,0.3311
1507,vrátil,0.3311
1508,F,0.3311
1509,vid,0.3311
1510,##ian,0.3311
1511,rok,0.3311
1512,funkci,0.3311
1513,##dej,0.3311
1514,autobus,0.3311
1515,svůj,0.3311
1516,##nc,0.3311
1517,##eon,0.3311
1518,Nová,0.3311
1519,nah,0.3311
1520,##ež,0.3311
1521,##žit,0.3311
1522,Slovenska,0.3311
1523,Al,0.3311
1524,des,0.3311
1525,Christ,0.3311
1526,Fu,0.3311
1527,##rt,0.3311
1528,##w,0.3311
1529,##äng,0.3311
1530,##ler,0.3311
1531,##upa,0.3311
1532,sm,0.3311
1533,##čin,0.3311
1534,##kov,0.3311
1535,bývá,0.3311
1536,##žo,0.3311
1537,##nější,0.3311
1538,##ij,0.3311
1539,##oben,0.3311
1540,##ads,0.3311
1541,##lení,0.3311
1542,##kový,0.3311
1543,nef,0.3311
1544,##ung,0.3311
1545,kana,0.3311
1546,##ds,0.3311
1547,##olu,0.3311
1548,##áce,0.3311
1549,zhruba,0.3311
1550,##ístup,0.3311
1551,##hů,0.3311
1552,##uc,0.3311
1553,Latin,0.3311
1554,profesorem,0.3311
1555,##žni,0.3311
1556,##vs,0.3311
1557,23,0.3311
1558,09,0.3311
1559,##nku,0.3311
1560,##let,0.3311
1561,##lun,0.3311
1562,Les,0.3311
1563,##zvu,0.3311
1564,##ková,0.3311
1565,Concorde,0.3311
1566,##ym,0.3281
1567,Brits,0.3271
1568,##ms,0.3271
1569,Pavel,0.3271
1570,II,0.3271
1571,##ech,0.3271
1572,000,0.3271
1573,Nicolas,0.3271
1574,Sarkozy,0.3271
1575,##es,0.3271
1576,##nov,0.3271
1577,##on,0.3271
1578,Havel,0.3271
1579,##ír,0.3271
1580,##ema,0.3271
1581,lidé,0.3271
1582,město,0.3271
1583,##dla,0.3271
1584,Evropy,0.3271
1585,tři,0.3271
1586,Nassau,0.3271
1587,##ovaný,0.3271
1588,##nasta,0.3271
1589,##čný,0.3271
1590,##bie,0.3271
1591,režisér,0.3271
1592,republice,0.3268
1593,##za,0.3268
1594,##ii,0.3268
1595,kl,0.3268
1596,##yr,0.3268
1597,##že,0.3248
1598,ke,0.3248
1599,nes,0.3248
1600,část,0.3248
1601,##pok,0.3248
1602,##tro,0.3248
1603,##tní,0.3248
1604,##kro,0.3248
1605,rozhodl,0.3248
1606,kap,0.3248
1607,ene,0.3248
1608,##rge,0.3248
1609,##vské,0.3248
1610,##ház,0.3248
1611,Sanders,0.3248
1612,ter,0.3248
1613,mezinárodní,0.3248
1614,##ánů,0.3248
1615,proces,0.3248
1616,Martin,0.3248
1617,##íl,0.3248
1618,##lum,0.3248
1619,Oscar,0.3248
1620,Espinosa,0.3248
1621,otra,0.3248
1622,##ust,0.3248
1623,160,0.3241
1624,skladu,0.3241
1625,##niky,0.3241
1626,##ita,0.3241
1627,men,0.3241
1628,##šina,0.3241
1629,56,0.3241
1630,většina,0.3241
1631,##lado,0.3241
1632,##itou,0.3241
1633,Tres,0.3241
1634,Boris,0.3241
1635,Johnson,0.3241
1636,niz,0.3241
1637,##oze,0.3241
1638,##leni,0.3241
1639,##ava,0.3241
1640,##tos,0.3241
1641,##tán,0.3241
1642,dvou,0.3241
1643,jiných,0.3241
1644,farm,0.3241
1645,Benedikt,0.3241
1646,XVI,0.3241
1647,podařilo,0.3241
1648,##sah,0.3241
1649,indo,0.3241
1650,bomb,0.3241
1651,##kládá,0.3241
1652,Here,0.3241
1653,tab,0.3241
1654,##ývají,0.3241
1655,svých,0.3241
1656,100,0.3241
1657,##zá,0.3241
1658,##vis,0.3241
1659,##lost,0.3241
1660,znovu,0.3241
1661,##vole,0.3241
1662,disk,0.3241
1663,##uze,0.3241
1664,1994,0.3241
1665,osam,0.3241
1666,##osta,0.3241
1667,Kata,0.3241
1668,##icist,0.3241
1669,##tipo,0.3241
1670,##ěny,0.3241
1671,maj,0.3241
1672,##etek,0.3241
1673,motiv,0.3241
1674,##ávají,0.3241
1675,##ča,0.3241
1676,##od,0.3241
1677,Rock,0.3241
1678,for,0.3241
1679,People,0.3241
1680,kontrolu,0.3241
1681,##yni,0.3241
1682,4500,0.3241
1683,##úr,0.3241
1684,##ovní,0.3241
1685,utkání,0.3241
1686,Card,0.3241
1687,Cheney,0.3241
1688,Rice,0.3241
1689,##orn,0.3241
1690,Kara,0.3241
1691,##tala,0.3241
1692,##czy,0.3241
1693,##ń,0.3241
1694,Bo,0.3241
1695,pal,0.3241
1696,##iva,0.3241
1697,##vit,0.3241
1698,##inska,0.3241
1699,##hon,0.3241
1700,irá,0.3241
1701,3,0.3241
1702,což,0.3241
1703,##rok,0.3241
1704,##ék,0.3241
1705,am,0.3241
1706,pone,0.3241
1707,ig,0.3241
1708,##nor,0.3241
1709,##ovo,0.3241
1710,Oz,0.3241
1711,konflikt,0.3241
1712,diplomatic,0.3241
1713,##skem,0.3241
1714,##hro,0.3241
1715,Kore,0.3241
1716,Filip,0.3241
1717,Britney,0.3241
1718,Spears,0.3241
1719,Matt,0.3241
1720,Damon,0.3241
1721,dvěma,0.3241
1722,##zt,0.3241
1723,##zó,0.3241
1724,Abe,0.3241
1725,##vét,0.3241
1726,Premi,0.3241
1727,##jk,0.3241
1728,Pape,0.3241
1729,net,0.3241
1730,##radi,0.3241
1731,energii,0.3241
1732,did,0.3241
1733,##ického,0.3241
1734,matematik,0.3241
1735,mat,0.3241
1736,##uri,0.3241
1737,##ty,0.3241
1738,drog,0.3241
1739,##novi,0.3241
1740,##dern,0.3241
1741,Tem,0.3241
1742,He,0.3241
1743,##zou,0.3241
1744,hu,0.3241
1745,##ádě,0.3241
1746,unika,0.3241
1747,##áli,0.3241
1748,##jov,0.3241
1749,Miroslav,0.3241
1750,##gr,0.3241
1751,George,0.3241
1752,person,0.3241
1753,kabinet,0.3241
1754,##jena,0.3241
1755,##pora,0.3241
1756,malý,0.3241
1757,sí,0.3241
1758,ligy,0.3241
1759,##ist,0.3241
1760,##ismus,0.3241
1761,Václava,0.3241
1762,Chor,0.3241
1763,##vatsku,0.3241
1764,Sarajevu,0.3241
1765,##plo,0.3241
1766,"""",0.3241
1767,2003,0.3241
1768,##lob,0.3241
1769,klima,0.3241
1770,##žil,0.3241
1771,pond,0.3241
1772,##čnosti,0.3241
1773,##rst,0.3241
1774,starší,0.3241
1775,##lta,0.3241
1776,##řadu,0.3241
1777,##jetí,0.3241
1778,##ňa,0.3241
1779,##ejné,0.3241
1780,##tne,0.3241
1781,##dar,0.3241
1782,##yje,0.3241
1783,##dn,0.3241
1784,nou,0.3241
1785,automatic,0.3241
1786,legal,0.3241
1787,##zach,0.3241
1788,vyšší,0.3241
1789,Mo,0.3241
1790,##tat,0.3241
1791,nebo,0.3241
1792,##ke,0.3241
1793,##mát,0.3241
1794,panel,0.3241
1795,navi,0.3241
1796,##ga,0.3241
1797,automobile,0.3241
1798,##klimat,0.3241
1799,##lene,0.3241
1800,každý,0.3241
1801,drama,0.3241
1802,nebyla,0.3241
1803,##vedena,0.3241
1804,Bull,0.3241
1805,##byn,0.3241
1806,##kup,0.3241
1807,centrum,0.3241
1808,António,0.3241
1809,Gut,0.3241
1810,##erre,0.3241
1811,Santi,0.3241
1812,##agu,0.3241
1813,##gd,0.3241
1814,##čních,0.3241
1815,##ur,0.3241
1816,##aps,0.3241
1817,kn,0.3241
1818,##ih,0.3241
1819,okolo,0.3241
1820,5000,0.3241
1821,zejména,0.3241
1822,finsk,0.3241
1823,##ratu,0.3241
1824,##ané,0.3241
1825,nejlepší,0.3241
1826,##boru,0.3241
1827,region,0.3241
1828,##adel,0.3241
1829,##omo,0.3241
1830,obci,0.3241
1831,##yne,0.3241
1832,žádné,0.3241
1833,děti,0.3241
1834,Jeho,0.3241
1835,##šili,0.3241
1836,##ranti,0.3241
1837,pomocí,0.3241
1838,e,0.3241
1839,##lok,0.3241
1840,komo,0.3241
1841,Andrej,0.3241
1842,Bab,0.3241
1843,##ani,0.3241
1844,##znika,0.3241
1845,50,0.3241
1846,studia,0.3241
1847,##veden,0.3241
1848,##sov,0.3241
1849,studenti,0.3241
1850,maji,0.3241
1851,ji,0.3241
1852,##izi,0.3241
1853,skoro,0.3241
1854,600,0.3241
1855,##eri,0.3241
1856,muzej,0.3241
1857,adres,0.3241
1858,rom,0.3241
1859,akademik,0.3241
1860,##lal,0.3241
1861,polovině,0.3241
1862,2018,0.3241
1863,670,0.3241
1864,##men,0.3241
1865,2004,0.3241
1866,Dwight,0.3241
1867,Eisenhower,0.3241
1868,Jeden,0.3241
1869,bývalý,0.3241
1870,politice,0.3241
1871,Jedno,0.3241
1872,##cera,0.3241
1873,Karin,0.3241
1874,##fin,0.3241
1875,##ující,0.3241
1876,Republik,0.3241
1877,##tin,0.3241
1878,##nosti,0.3241
1879,začalo,0.3241
1880,Af,0.3241
1881,##rice,0.3241
1882,islam,0.3241
1883,Facebook,0.3241
1884,nat,0.3241
1885,agente,0.3241
1886,##jin,0.3241
1887,##elé,0.3241
1888,##jelo,0.3241
1889,##kali,0.3241
1890,##rci,0.3241
1891,1900,0.3241
1892,Tema,0.3241
1893,minimal,0.3241
1894,##číná,0.3241
1895,hrad,0.3241
1896,Gale,0.3241
1897,Modern,0.3241
1898,Prahy,0.3241
1899,le,0.3241
1900,Afrik,0.3241
1901,součást,0.3241
1902,##ají,0.3241
1903,##cka,0.3241
1904,dek,0.3241
1905,##ády,0.3241
1906,uvádí,0.3241
1907,silnice,0.3241
1908,##vini,0.3241
1909,Aust,0.3241
1910,##rál,0.3241
1911,##vid,0.3241
1912,zat,0.3241
1913,##řila,0.3241
1914,##sivo,0.3241
1915,##ito,0.3241
1916,zahrnuje,0.3241
1917,et,0.3241
1918,##ása,0.3241
1919,##poli,0.3241
1920,##zm,0.3241
1921,10,0.3241
1922,vliv,0.3241
1923,miz,0.3241
1924,##ro,0.3241
1925,##g,0.3241
1926,##nika,0.3241
1927,##man,0.3241
1928,##řské,0.3241
1929,Kr,0.3241
1930,stran,0.3241
1931,##nili,0.3241
1932,set,0.3241
1933,jiné,0.3241
1934,1920,0.3241
1935,##eve,0.3241
1936,##zena,0.3241
1937,také,0.3241
1938,zahraničí,0.3241
1939,##dlo,0.3241
1940,Rok,0.3241
1941,##oko,0.3241
1942,hrál,0.3241
1943,##dku,0.3241
1944,##nick,0.3241
1945,službu,0.3241
1946,dob,0.3241
1947,##stat,0.3241
1948,##oký,0.3241
1949,dochází,0.3241
1950,##orno,0.3241
1951,##eň,0.3241
1952,dosta,0.3241
1953,tek,0.3241
1954,##uti,0.3241
1955,##šné,0.3241
1956,##lové,0.3241
1957,##out,0.3241
1958,##nsko,0.3241
1959,##zor,0.3241
1960,Ji,0.3241
1961,Ama,0.3241
1962,##tér,0.3241
1963,60,0.3241
1964,Prost,0.3241
1965,##ory,0.3241
1966,##dne,0.3241
1967,##istické,0.3241
1968,centra,0.3241
1969,lý,0.3241
1970,##tko,0.3241
1971,##id,0.3241
1972,Antonín,0.3241
1973,##dal,0.3241
1974,##lada,0.3241
1975,##tels,0.3241
1976,dílo,0.3241
1977,Pob,0.3241
1978,star,0.3241
1979,##ební,0.3241
1980,##áta,0.3241
1981,27,0.3241
1982,##noval,0.3241
1983,##unu,0.3241
1984,##zo,0.3241
1985,Bez,0.3241
1986,##ovaly,0.3241
1987,Národního,0.3241
1988,##čito,0.3241
1989,Of,0.3241
1990,##ten,0.3241
1991,tedy,0.3241
1992,##aje,0.3241
1993,##ovy,0.3241
1994,##iny,0.3241
1995,Karl,0.3241
1996,most,0.3241
1997,##obi,0.3241
1998,Karla,0.3241
1999,Gott,0.3241
2000,nama,0.3241
2001,obraz,0.3241
2002,##use,0.3241
2003,moderní,0.3241
2004,nap,0.3241
2005,##ován,0.3241
2006,jejím,0.3241
2007,autorem,0.3241
2008,Pla,0.3241
2009,##stik,0.3241
2010,1960,0.3241
2011,mas,0.3241
2012,tribu,0.3241
2013,##nál,0.3241
2014,##yda,0.3241
2015,##ází,0.3241
2016,něj,0.3241
2017,hranice,0.3241
2018,##boro,0.3241
2019,tak,0.3241
2020,Horn,0.3241
2021,společností,0.3241
2022,Middle,0.3241
2023,East,0.3241
2024,Development,0.3241
2025,však,0.3241
2026,např,0.3241
2027,##pat,0.3241
2028,Guardian,0.3241
2029,komen,0.3241
2030,##tuje,0.3241
2031,počtu,0.3241
2032,některých,0.3241
2033,Guard,0.3241
2034,##ien,0.3241
2035,sezóně,0.3241
2036,jen,0.3241
2037,jest,0.3241
2038,Pit,0.3241
2039,##hart,0.3241
2040,Miloš,0.3241
2041,##mana,0.3241
2042,stal,0.3241
2043,##tor,0.3241
2044,konce,0.3241
2045,##ntra,0.3241
2046,tá,0.3241
2047,##vci,0.3241
2048,Jemen,0.3241
2049,##but,0.3241
2050,##ak,0.3241
2051,mo,0.3241
2052,##žný,0.3241
2053,##úd,0.3241
2054,Patrice,0.3241
2055,##átu,0.3241
2056,fotbal,0.3241
2057,##ista,0.3241
2058,minut,0.3241
2059,##pole,0.3241
2060,##ryk,0.3241
2061,Hum,0.3241
2062,kterém,0.3241
2063,sob,0.3241
2064,##otu,0.3241
2065,zbyt,0.3241
2066,Severní,0.3241
2067,##sky,0.3241
2068,##ších,0.3241
2069,Frankfurt,0.3241
2070,prostor,0.3241
2071,##pravu,0.3241
2072,##bito,0.3241
2073,In,0.3241
2074,##sce,0.3241
2075,##nac,0.3241
2076,##loze,0.3241
2077,sezon,0.3241
2078,##slim,0.3241
2079,napad,0.3241
2080,##tan,0.3241
2081,Berlin,0.3241
2082,##ale,0.3241
2083,dos,0.3241
2084,##tání,0.3241
2085,##ata,0.3241
2086,##pekt,0.3241
2087,##cov,0.3241
2088,##řen,0.3241
2089,176,0.3241
2090,domů,0.3241
2091,##áty,0.3241
2092,měly,0.3241
2093,##ago,0.3241
2094,Ost,0.3241
2095,filha,0.3241
2096,##rmon,0.3241
2097,Palm,0.3241
2098,Čechách,0.3241
2099,park,0.3241
2100,Nový,0.3241
2101,##voz,0.3241
2102,Tat,0.3241
2103,##ry,0.3241
2104,##fe,0.3241
2105,##zit,0.3241
2106,##áře,0.3241
2107,175,0.3241
2108,##di,0.3241
2109,##očina,0.3241
2110,ba,0.3241
2111,##mbu,0.3241
2112,##sem,0.3241
2113,met,0.3241
2114,##eo,0.3241
2115,stanici,0.3241
2116,##ckých,0.3241
2117,##bc,0.3241
2118,##uce,0.3241
2119,Bud,0.3241
2120,Michel,0.3241
2121,##nky,0.3241
2122,##trat,0.3241
2123,##ovalo,0.3241
2124,jedné,0.3241
2125,Mu,0.3241
2126,##izuje,0.3241
2127,spolupráci,0.3241
2128,##hý,0.3241
2129,##pracoval,0.3241
2130,architekt,0.3241
2131,##öl,0.3241
2132,Ker,0.3241
2133,Poslední,0.3241
2134,##vn,0.3241
2135,Vladimír,0.3241
2136,##ovský,0.3241
2137,mužů,0.3241
2138,##ilu,0.3241
2139,##cie,0.3241
2140,##nal,0.3241
2141,letu,0.3241
2142,##eva,0.3241
2143,##rd,0.3241
2144,dan,0.3241
2145,##fra,0.3241
2146,##struktur,0.3241
2147,Mimo,0.3241
2148,##vam,0.3241
2149,##kl,0.3241
2150,Pet,0.3241
2151,##ati,0.3241
2152,kterým,0.3241
2153,##fan,0.3241
2154,##ite,0.3241
2155,##rate,0.3241
2156,málo,0.3241
2157,místa,0.3241
2158,##jně,0.3241
2159,ostrova,0.3241
2160,h,0.3241
2161,fan,0.3241
2162,##jení,0.3241
2163,používa,0.3241
2164,lan,0.3241
2165,celou,0.3241
2166,##fis,0.3241
2167,##tik,0.3241
2168,##ější,0.3241
2169,technologie,0.3241
2170,##ffa,0.3241
2171,Nadal,0.3241
2172,##aden,0.3241
2173,##zni,0.3241
2174,##tom,0.3241
2175,##šli,0.3241
2176,restauro,0.3241
2177,##udo,0.3241
2178,##vně,0.3241
2179,##lement,0.3241
2180,##ina,0.3241
2181,##nast,0.3241
2182,ben,0.3241
2183,##zinu,0.3241
2184,##fik,0.3241
2185,titul,0.3241
2186,mis,0.3241
2187,##tra,0.3241
2188,světa,0.3241
2189,skončil,0.3241
2190,místě,0.3241
2191,##šno,0.3241
2192,##hor,0.3241
2193,Nem,0.3241
2194,##ck,0.3241
2195,Sin,0.3241
2196,##cko,0.3241
2197,##tec,0.3241
2198,##šu,0.3241
2199,Milo,0.3241
2200,##born,0.3241
2201,há,0.3241
2202,##stavu,0.3241
2203,Perl,0.3241
2204,##čku,0.3241
2205,##lib,0.3241
2206,##U,0.3241
2207,da,0.3241
2208,post,0.3241
2209,Bohemia,0.3241
2210,Energy,0.3241
2211,##sper,0.3241
2212,##ovém,0.3241
2213,privat,0.3241
2214,##iza,0.3241
2215,##yslu,0.3241
2216,Á,0.3241
2217,Izrael,0.3241
2218,##nev,0.3241
2219,Fin,0.3241
2220,##čník,0.3241
2221,ir,0.3241
2222,nese,0.3241
2223,##zici,0.3241
2224,##ezen,0.3241
2225,stan,0.3241
2226,figur,0.3241
2227,##vero,0.3241
2228,##lanti,0.3241
2229,alia,0.3241
2230,konci,0.3241
2231,##mde,0.3241
2232,rež,0.3241
2233,##im,0.3241
2234,blok,0.3241
2235,##lých,0.3241
2236,##lské,0.3241
2237,##ute,0.3241
2238,##bá,0.3241
2239,##čného,0.3241
2240,##lský,0.3241
2241,##zoru,0.3241
2242,##ulos,0.3241
2243,sh,0.3241
2244,muzeum,0.3241
2245,vyhrál,0.3241
2246,současnosti,0.3241
2247,ved,0.3241
2248,Is,0.3241
2249,##mus,0.3241
2250,práci,0.3241
2251,web,0.3241
2252,##sme,0.3241
2253,dříve,0.3241
2254,Pop,0.3241
2255,##rvé,0.3241
2256,western,0.3241
2257,prosince,0.3241
2258,Film,0.3241
2259,##érou,0.3241
2260,teh,0.3241
2261,##řit,0.3241
2262,##pán,0.3241
2263,Čech,0.3241
2264,##dkem,0.3241
2265,##alu,0.3241
2266,##vek,0.3241
2267,stanu,0.3241
2268,Haag,0.3241
2269,##lap,0.3241
2270,součástí,0.3241
2271,##řuje,0.3241
2272,##sil,0.3241
2273,výkon,0.3241
2274,##ápad,0.3241
2275,##adu,0.3241
2276,##áček,0.3241
2277,##liv,0.3241
2278,majetku,0.3241
2279,kterého,0.3241
2280,žen,0.3241
2281,sel,0.3241
2282,uni,0.3241
2283,království,0.3241
2284,Rum,0.3241
2285,##uns,0.3241
2286,##gent,0.3241
2287,##ins,0.3241
2288,##fii,0.3241
2289,##tad,0.3241
2290,##vac,0.3241
2291,of,0.3241
2292,dl,0.3241
2293,man,0.3241
2294,##uf,0.3241
2295,též,0.3241
2296,##íny,0.3241
2297,##zea,0.3241
2298,Moskva,0.3241
2299,##váno,0.3241
2300,Ten,0.3241
2301,Nes,0.3241
2302,##ca,0.3241
2303,Ci,0.3241
2304,##mos,0.3241
2305,##zew,0.3241
2306,##icz,0.3241
2307,##enské,0.3241
2308,hava,0.3241
2309,došlo,0.3241
2310,autem,0.3241
2311,Lo,0.3241
2312,##ýna,0.3241
2313,##iso,0.3241
2314,##atur,0.3241
2315,celo,0.3241
2316,sorti,0.3241
2317,kom,0.3241
2318,##ise,0.3241
2319,stojí,0.3241
2320,Texas,0.3241
2321,##ido,0.3241
2322,rod,0.3241
2323,##ině,0.3241
2324,lze,0.3241
2325,##jet,0.3241
2326,##tres,0.3241
2327,SSSR,0.3241
2328,##eži,0.3241
2329,dikt,0.3241
2330,##átor,0.3241
2331,Ni,0.3241
2332,##gé,0.3241
2333,Tatra,0.3241
2334,##eckého,0.3241
2335,systému,0.3241
2336,##ab,0.3241
2337,velikosti,0.3241
2338,Ch,0.3241
2339,##lor,0.3241
2340,##my,0.3241
2341,oblast,0.3241
2342,##atos,0.3241
2343,##éry,0.3241
2344,##lab,0.3241
2345,##onu,0.3241
2346,##žívá,0.3241
2347,##ega,0.3241
2348,Nu,0.3241
2349,##kk,0.3241
2350,Twitter,0.3241
2351,kariéru,0.3241
2352,novi,0.3241
2353,##nář,0.3241
2354,##iana,0.3241
2355,dél,0.3241
2356,##roma,0.3241
2357,##ělo,0.3241
2358,##vés,0.3241
2359,soutěže,0.3241
2360,##isko,0.3241
2361,##pu,0.3241
2362,##vém,0.3241
2363,##poru,0.3241
2364,jejich,0.3241
2365,Mr,0.3241
2366,##adi,0.3241
2367,ren,0.3241
2368,##ovac,0.3241
2369,rad,0.3241
2370,Rada,0.3241
2371,##chat,0.3241
2372,květnu,0.3241
2373,starost,0.3241
2374,kultur,0.3241
2375,Jako,0.3241
2376,Reuters,0.3241
2377,základní,0.3241
2378,##lans,0.3241
2379,##sti,0.3241
2380,mode,0.3241
2381,Některé,0.3241
2382,června,0.3241
2383,Summit,0.3241
2384,Preto,0.3241
2385,nakonec,0.3241
2386,##zas,0.3241
2387,##eda,0.3241
2388,Hilton,0.3241
2389,##ok,0.3241
2390,tym,0.3241
2391,##rska,0.3241
2392,1000,0.3241
2393,unik,0.3241
2394,##čná,0.3241
2395,lá,0.3241
2396,##tka,0.3241
2397,rasi,0.3241
2398,xe,0.3241
2399,##cit,0.3241
2400,##pá,0.3241
2401,400,0.3241
2402,James,0.3241
2403,Carter,0.3241
2404,##ýsledky,0.3241
2405,Bit,0.3241
2406,července,0.3241
2407,Rod,0.3241
2408,##iče,0.3241
2409,musí,0.3241
2410,##isu,0.3241
2411,třídy,0.3241
2412,kartu,0.3241
2413,##nci,0.3241
2414,nema,0.3241
2415,kde,0.3241
2416,##ot,0.3241
2417,##vati,0.3241
2418,##hala,0.3241
2419,##éra,0.3241
2420,povrchu,0.3241
2421,Jade,0.3241
2422,##rná,0.3241
2423,##rnu,0.3241
2424,##lod,0.3241
2425,##uj,0.3241
2426,Kom,0.3241
2427,##unis,0.3241
2428,##ému,0.3241
2429,##řeny,0.3241
2430,##dé,0.3241
2431,##bl,0.3241
2432,##ecku,0.3241
2433,As,0.3241
2434,jehož,0.3241
2435,Sei,0.3241
2436,sport,0.3241
2437,2006,0.3241
2438,nový,0.3241
2439,De,0.3241
2440,Tara,0.3241
2441,##ntino,0.3241
2442,nato,0.3241
2443,##čil,0.3241
2444,kad,0.3241
2445,Slovensku,0.3241
2446,##zel,0.3241
2447,##udu,0.3241
2448,##nů,0.3241
2449,Hradec,0.3241
2450,vlastní,0.3241
2451,##cuje,0.3241
2452,CO,0.3241
2453,##VI,0.3241
2454,##D,0.3241
2455,19,0.3241
2456,Jedna,0.3241
2457,##tel,0.3241
2458,##menu,0.3241
2459,53,0.3241
2460,L,0.3241
2461,rozdíl,0.3241
2462,Hava,0.3241
2463,ap,0.3241
2464,##avu,0.3241
2465,svým,0.3241
2466,##škem,0.3241
2467,významné,0.3241
2468,##voval,0.3241
2469,##ované,0.3241
2470,Devil,0.3241
2471,##zán,0.3241
2472,##law,0.3241
2473,ut,0.3241
2474,##yl,0.3241
2475,Mis,0.3241
2476,Voz,0.3241
2477,Bill,0.3241
2478,##sť,0.3241
2479,##ana,0.3241
2480,2000,0.3241
2481,##oče,0.3241
2482,kraj,0.3241
2483,##ipe,0.3241
2484,##ndia,0.3241
2485,##jil,0.3241
2486,##cem,0.3241
2487,Bog,0.3241
2488,Obama,0.3241
2489,hos,0.3241
2490,skupin,0.3241
2491,latin,0.3241
2492,rychle,0.3241
2493,##tou,0.3241
2494,##mez,0.3241
2495,skupiny,0.3241
2496,40,0.3241
2497,Castro,0.3241
2498,##erit,0.3241
2499,Spojených,0.3241
2500,##ml,0.3241
2501,##lato,0.3241
2502,##diu,0.3241
2503,Im,0.3241
2504,##puls,0.3241
2505,Poul,0.3241
2506,##nek,0.3241
2507,Associated,0.3241
2508,Press,0.3241
2509,Karel,0.3241
2510,univerzitě,0.3241
2511,centru,0.3241
2512,Univ,0.3241
2513,##erz,0.3241
2514,Karlovy,0.3241
2515,##yu,0.3241
2516,##čuje,0.3241
2517,Tech,0.3241
2518,resta,0.3241
2519,##viny,0.3241
2520,##čky,0.3241
2521,##lila,0.3241
2522,##šni,0.3241
2523,Chr,0.3241
2524,##udi,0.3241
2525,##andi,0.3241
2526,##upe,0.3241
2527,##yšlo,0.3241
2528,vznikl,0.3241
2529,##ném,0.3241
2530,##nks,0.3241
2531,into,0.3241
2532,##kova,0.3241
2533,##9,0.3241
2534,mont,0.3241
2535,##nách,0.3241
2536,##esu,0.3241
2537,##ous,0.3241
2538,##P,0.3241
2539,##Ö,0.3241
2540,##stes,0.3241
2541,##tov,0.3241
2542,##ali,0.3241
2543,německé,0.3241
2544,##oh,0.3241
2545,##nit,0.3241
2546,Mexiko,0.3241
2547,##tým,0.3241
2548,hou,0.3241
2549,##bami,0.3241
2550,1961,0.3241
2551,1968,0.3241
2552,##sp,0.3241
2553,##kur,0.3241
2554,##enty,0.3241
2555,##schop,0.3241
2556,##usi,0.3241
2557,global,0.3241
2558,72,0.3241
2559,my,0.3241
2560,##kami,0.3241
2561,##kli,0.3241
2562,pravi,0.3241
2563,##yna,0.3241
2564,##žila,0.3241
2565,80,0.3241
2566,kterou,0.3241
2567,##istik,0.3241
2568,##cou,0.3241
2569,##azu,0.3241
2570,Ole,0.3241
2571,##ksi,0.3241
2572,Hon,0.3241
2573,##čar,0.3241
2574,##uka,0.3241
2575,novou,0.3241
2576,##jnosti,0.3241
2577,##lit,0.3241
2578,jméno,0.3241
2579,mohou,0.3241
2580,##rů,0.3241
2581,##zně,0.3241
2582,inter,0.3241
2583,##pret,0.3241
2584,##bory,0.3241
2585,1997,0.3241
2586,##zvan,0.3241
2587,##nska,0.3241
2588,##rna,0.3241
2589,##paro,0.3241
2590,##ez,0.3241
2591,##rpen,0.3241
2592,##ini,0.3241
2593,##az,0.3241
2594,ban,0.3241
2595,##stic,0.3241
2596,##tina,0.3241
2597,Madrid,0.3241
2598,art,0.3241
2599,##duce,0.3241
2600,##nt,0.3241
2601,Boeing,0.3241
2602,737,0.3241
2603,##xide,0.3241
2604,##nat,0.3241
2605,##bul,0.3241
2606,Oscara,0.3241
2607,##love,0.3174
2608,by,0.3159
2609,8,0.3159
2610,##tic,0.3159
2611,Bu,0.3159
2612,##fert,0.312
2613,##šit,0.312
2614,svém,0.312
2615,dostal,0.312
2616,gr,0.312
2617,##dejší,0.312
2618,Br,0.312
2619,pos,0.312
2620,##lní,0.312
2621,##ša,0.312
2622,##čního,0.312
2623,##tých,0.312
2624,##níků,0.312
2625,divadla,0.312
2626,mimo,0.312
2627,refere,0.312
2628,##nictví,0.312
2629,místo,0.312
2630,##upi,0.312
2631,kaple,0.312
2632,pohár,0.312
2633,mít,0.312
2634,##lha,0.312
2635,března,0.312
2636,používá,0.312
2637,##ono,0.312
2638,##ván,0.312
2639,##časti,0.3094
2640,zámku,0.3094
2641,##obě,0.3094
2642,firm,0.3041
2643,##žem,0.3041
2644,##ovým,0.3041
2645,Sulawesi,0.3041
2646,jeden,0.3041
2647,Indo,0.3041
2648,velkou,0.3041
2649,slo,0.3041
2650,##žení,0.3041
2651,##tn,0.3041
2652,Mal,0.3041
2653,##hel,0.3041
2654,##els,0.3041
2655,##tane,0.3041
2656,##zul,0.3041
2657,##řední,0.3041
2658,kontrol,0.3041
2659,##kové,0.3041
2660,im,0.3041
2661,##ig,0.3041
2662,Spor,0.3041
2663,##áh,0.3041
2664,##ětí,0.3041
2665,##hos,0.3041
2666,##eb,0.3041
2667,##stan,0.3041
2668,##lka,0.3041
2669,##chal,0.3041
2670,pa,0.3041
2671,##lk,0.3041
2672,##hr,0.3041
2673,během,0.3041
2674,##ah,0.3041
2675,To,0.3041
2676,##kiem,0.3041
2677,Peking,0.3041
2678,testu,0.3041
2679,##ei,0.3041
2680,##úry,0.3041
2681,až,0.3041
2682,arm,0.3041
2683,mand,0.3041
2684,human,0.3041
2685,dom,0.3041
2686,##ehr,0.3041
2687,##adě,0.3041
2688,vel,0.3041
2689,##sla,0.3041
2690,##nec,0.3041
2691,Ex,0.3041
2692,##pre,0.3041
2693,##x,0.3041
2694,##kaz,0.3041
2695,##áz,0.3041
2696,##tky,0.3041
2697,##zdy,0.3041
2698,Olomouc,0.3041
2699,##hlásil,0.3041
2700,##por,0.3041
2701,možnost,0.3041
2702,letech,0.3041
2703,může,0.3041
2704,nas,0.3041
2705,##zené,0.3041
2706,##vní,0.3041
2707,spisovatel,0.3041
2708,kromě,0.3041
2709,Salvador,0.3041
2710,Allende,0.3041
2711,##oa,0.3041
2712,##meri,0.3041
2713,Demo,0.3041
2714,##krat,0.3041
2715,Barney,0.3041
2716,Frank,0.3041
2717,hy,0.3041
2718,##pot,0.3041
2719,Fan,0.3041
2720,##nie,0.3041
2721,Mae,0.3041
2722,Freddie,0.3041
2723,Mac,0.3041
2724,mal,0.3041
2725,##ala,0.3041
2726,##tické,0.3041
2727,Augusto,0.3041
2728,Pino,0.3041
2729,##chet,0.3041
2730,něm,0.3041
2731,##stave,0.3041
2732,##ód,0.3041
2733,Parlament,0.3041
2734,cílem,0.3041
2735,##br,0.3041
2736,sest,0.3041
2737,##nda,0.3041
2738,kin,0.3041
2739,produk,0.3041
2740,55,0.3041
2741,18,0.3041
2742,ledna,0.3041
2743,##řena,0.3041
2744,##ity,0.3041
2745,senior,0.3041
2746,turi,0.3041
2747,##0,0.3041
2748,návrh,0.3041
2749,##fino,0.3041
2750,Nobel,0.3041
2751,##ovu,0.3041
2752,##yramid,0.3041
2753,##dat,0.3041
2754,SD,0.3041
2755,New,0.3041
2756,Hampshire,0.3041
2757,bodů,0.3041
2758,vis,0.3041
2759,port,0.3041
2760,hra,0.3041
2761,##nic,0.3041
2762,rep,0.3041
2763,##ublik,0.3041
2764,##éta,0.3041
2765,dor,0.3041
2766,Kale,0.3041
2767,##ári,0.3041
2768,východní,0.3041
2769,egy,0.3041
2770,##pts,0.3041
2771,##šichni,0.3041
2772,smrt,0.3041
2773,##čila,0.3041
2774,Medi,0.3041
2775,##toupil,0.3041
2776,plat,0.3041
2777,up,0.3041
2778,med,0.3041
2779,##iá,0.3041
2780,##ány,0.3041
2781,##iska,0.3041
2782,Be,0.3041
2783,1919,0.3041
2784,##řilo,0.3041
2785,##ranno,0.3041
2786,##ško,0.3041
2787,##zení,0.3041
2788,##ič,0.3041
2789,svými,0.3041
2790,Tur,0.3041
2791,Festival,0.3041
2792,##čním,0.3041
2793,##kci,0.3041
2794,12,0.3041
2795,druhou,0.3041
2796,##lů,0.3041
2797,boje,0.3041
2798,##ůstal,0.3041
2799,době,0.3041
2800,Petra,0.3041
2801,##ženo,0.3041
2802,##lova,0.3041
2803,nel,0.3041
2804,Line,0.3041
2805,##vár,0.3041
2806,jim,0.3041
2807,##tero,0.3041
2808,##risti,0.3041
2809,700,0.3041
2810,##ment,0.3041
2811,##lv,0.3041
2812,##lane,0.3041
2813,Berg,0.3041
2814,##ami,0.3041
2815,sen,0.3041
2816,##ide,0.3041
2817,##én,0.3041
2818,##oje,0.3041
2819,bl,0.3041
2820,##cím,0.3041
2821,založen,0.3041
2822,celé,0.3041
2823,světě,0.3041
2824,##pisu,0.3041
2825,##cení,0.3041
2826,nic,0.3041
2827,##vská,0.3041
2828,##yle,0.3041
2829,##vez,0.3041
2830,##mobil,0.3041
2831,Ros,0.3041
2832,##tis,0.3041
2833,Von,0.3041
2834,##dru,0.3041
2835,##ška,0.3041
2836,##šší,0.3041
2837,##cé,0.3041
2838,Pl,0.3041
2839,##šek,0.3041
2840,##dno,0.3041
2841,##cií,0.3041
2842,nově,0.3041
2843,zvolen,0.3041
2844,##vili,0.3041
2845,##slav,0.3041
2846,##ahu,0.3041
2847,zes,0.3041
2848,mnoho,0.3041
2849,pe,0.3041
2850,##čným,0.3041
2851,##elo,0.3041
2852,finále,0.3041
2853,Anders,0.3041
2854,##ogh,0.3041
2855,Rasmussen,0.3041
2856,##kop,0.3041
2857,##álního,0.3041
2858,##níka,0.3041
2859,Havana,0.3041
2860,##zer,0.3041
2861,##nce,0.3041
2862,iz,0.3041
2863,##rae,0.3041
2864,spor,0.3041
2865,mohli,0.3041
2866,25,0.3041
2867,list,0.3041
2868,Washington,0.3041
2869,ještě,0.3041
2870,##šeno,0.3041
2871,##dem,0.3041
2872,##čený,0.3041
2873,##rsk,0.3041
2874,##len,0.3041
2875,##lavo,0.3041
2876,dra,0.3041
2877,##hé,0.3041
2878,koncert,0.3041
2879,parlament,0.3041
2880,##vate,0.3041
2881,##cích,0.3041
2882,pre,0.3041
2883,##fere,0.3041
2884,fr,0.3041
2885,##íru,0.3041
2886,##rstvo,0.3041
2887,##šuje,0.3041
2888,##lsk,0.3041
2889,##chodu,0.3041
2890,##kým,0.3041
2891,##vala,0.3041
2892,Johannesburg,0.3041
2893,Dne,0.3041
2894,##sou,0.3041
2895,##fo,0.3041
2896,té,0.3041
2897,##ota,0.3041
2898,one,0.3041
2899,##nění,0.3041
2900,##ter,0.3041
2901,slovenský,0.3041
2902,##pol,0.3041
2903,##šla,0.3041
2904,##K,0.3041
2905,##vého,0.3041
2906,##kos,0.3041
2907,##dova,0.3041
2908,##vku,0.3041
2909,skladby,0.3041
2910,svo,0.3041
2911,##lství,0.3041
2912,17,0.3041
2913,Vale,0.3041
2914,##rije,0.3041
2915,KV,0.3041
2916,##IF,0.3041
2917,##F,0.3041
2918,##nského,0.3041
2919,##nko,0.3041
2920,British,0.3041
2921,Airways,0.3041
2922,vojenské,0.3024
2923,menší,0.3024
2924,H,0.3024
2925,povo,0.3024
2926,##dní,0.3024
2927,Led,0.3024
2928,Sá,0.3024
2929,Díky,0.3024
2930,##vod,0.3024
2931,protest,0.3024
2932,ostrov,0.3024
2933,malé,0.3024
2934,politik,0.3024
2935,Jižní,0.3024
2936,##ú,0.3024
2937,##py,0.3024
2938,##více,0.3024
2939,nebyl,0.3024
2940,por,0.3024
2941,##ti,0.3024
2942,##tla,0.3024
2943,##šení,0.3024
2944,kvůli,0.3024
2945,Var,0.3024
2946,kritik,0.3024
2947,21,0.3024
2948,noci,0.3024
2949,festival,0.3024
2950,ministers,0.3024
2951,##tva,0.3024
2952,Li,0.3024
2953,zákon,0.3024
2954,##stup,0.3024
2955,##not,0.3024
2956,Morales,0.3024
2957,##čko,0.3024
2958,wa,0.3024
2959,##yba,0.3024
2960,##ště,0.3024
2961,Re,0.3024
2962,##sé,0.3024
2963,##ver,0.3024
2964,##zní,0.3024
2965,##stán,0.2814
2966,##nés,0.2814
2967,Francii,0.2814
2968,##dle,0.2814
2969,##dky,0.2814
2970,##izace,0.2814
2971,2015,0.2814
2972,##rce,0.2814
2973,shromáždění,0.2814
2974,Itálie,0.2814
2975,filmu,0.2814
2976,všechny,0.2814
2977,##čet,0.2814
2978,##oris,0.2814
2979,Ved,0.2814
2980,##nul,0.2814
2981,rá,0.2814
2982,mistrovství,0.2814
2983,##ren,0.2814
2984,##be,0.2814
2985,zna,0.2814
2986,(,0.2814
2987,1971,0.2814
2988,),0.2814
2989,Air,0.2814
2990,France,0.2814
