,productivity,utility,coverage,harmonic_mean
v,0.3651,0.0318,0.4192,0.3896
z,0.4277,0.0944,0.1846,0.2571
V,0.399,0.0656,0.156,0.2222
se,0.3966,0.0633,0.1509,0.2179
##y,0.4216,0.0882,0.1466,0.2166
na,0.4394,0.1061,0.1359,0.207
##u,0.4635,0.1302,0.1321,0.2048
za,0.4364,0.1031,0.1158,0.1827
",",0.4375,0.1042,0.1111,0.1757
##m,0.4589,0.1256,0.1064,0.172
je,0.3905,0.0572,0.1038,0.1632
##í,0.5002,0.1669,0.0966,0.1616
a,0.5119,0.1786,0.0863,0.147
po,0.417,0.0837,0.0859,0.1415
##ě,0.4801,0.1468,0.0812,0.1384
##a,0.436,0.1026,0.0816,0.1367
pro,0.4374,0.104,0.0791,0.133
##ů,0.5092,0.1759,0.0748,0.1299
##t,0.4451,0.1118,0.0714,0.1219
do,0.4435,0.1102,0.0705,0.121
o,0.4291,0.0957,0.0709,0.121
##ch,0.4534,0.1201,0.0692,0.119
##ho,0.4584,0.125,0.0688,0.1183
##ý,0.4268,0.0934,0.0671,0.1156
od,0.4674,0.1341,0.0654,0.114
ne,0.6128,0.2794,0.0628,0.1134
s,0.4583,0.1249,0.0632,0.1102
##ní,0.4784,0.145,0.0603,0.1061
##ře,0.5384,0.2051,0.059,0.1059
při,0.5494,0.2161,0.059,0.1056
##o,0.4259,0.0926,0.0603,0.1052
ob,0.4677,0.1344,0.0581,0.1029
##ř,0.4543,0.121,0.0564,0.0998
##ná,0.5244,0.1911,0.0547,0.098
##i,0.4773,0.144,0.0547,0.0974
##z,0.5132,0.1799,0.0534,0.0956
k,0.4453,0.112,0.053,0.0944
u,0.4321,0.0988,0.0513,0.0911
E,0.4357,0.1024,0.0487,0.0875
##á,0.4327,0.0993,0.0483,0.0859
.,0.4439,0.1106,0.0466,0.0839
kon,0.5115,0.1782,0.0444,0.0812
ve,0.4297,0.0964,0.0449,0.081
roce,0.4361,0.1028,0.0444,0.0804
Ko,0.464,0.1307,0.0444,0.0802
před,0.4777,0.1443,0.0436,0.0796
##e,0.4487,0.1153,0.0427,0.0779
##r,0.4884,0.155,0.0397,0.0732
##ké,0.4512,0.1179,0.0397,0.0728
##v,0.5547,0.2214,0.0389,0.0722
př,0.5337,0.2004,0.038,0.0703
než,0.4943,0.1609,0.038,0.0702
##ku,0.5124,0.1791,0.038,0.0698
bude,0.5166,0.1833,0.0372,0.0693
##át,0.5234,0.19,0.0368,0.0684
B,0.449,0.1157,0.0372,0.0684
##ký,0.5583,0.225,0.0363,0.068
##ci,0.6179,0.2846,0.0363,0.0679
##li,0.4854,0.152,0.0368,0.0678
##ky,0.5373,0.2039,0.0363,0.0667
##vy,0.4906,0.1573,0.0359,0.0664
##bí,0.6595,0.3262,0.0333,0.0631
že,0.5085,0.1752,0.0338,0.0629
##st,0.5076,0.1742,0.0338,0.0627
##h,0.5341,0.2008,0.0333,0.0625
##l,0.593,0.2597,0.0333,0.0622
##é,0.4649,0.1316,0.0329,0.0612
O,0.448,0.1147,0.0325,0.0605
##va,0.4411,0.1077,0.0321,0.0594
K,0.5386,0.2052,0.0312,0.0589
pod,0.5149,0.1816,0.0312,0.0585
##av,0.6011,0.2678,0.0312,0.0583
jsou,0.721,0.3877,0.0303,0.058
zemřel,0.4986,0.1652,0.0308,0.0578
##ce,0.4566,0.1233,0.0308,0.0572
##ra,0.6204,0.2871,0.0303,0.0572
##ád,0.4767,0.1434,0.0308,0.0572
##ět,0.4872,0.1539,0.0308,0.057
byla,0.4805,0.1471,0.0299,0.0561
##em,0.6521,0.3187,0.0291,0.0553
##cí,0.6108,0.2775,0.0291,0.0551
##nu,0.4859,0.1525,0.0286,0.0539
##ň,0.5032,0.1699,0.0286,0.0539
##dá,0.4707,0.1374,0.0286,0.0538
##rá,0.5281,0.1948,0.0282,0.0532
##ni,0.5206,0.1873,0.0282,0.053
##vě,0.4825,0.1492,0.0282,0.0529
##ka,0.5274,0.194,0.0282,0.0528
##ně,0.4857,0.1524,0.0274,0.0517
Ir,0.5352,0.2019,0.0269,0.0512
proti,0.5659,0.2326,0.0269,0.0511
##na,0.6716,0.3383,0.0265,0.0506
##p,0.575,0.2417,0.0265,0.0504
T,0.679,0.3457,0.0261,0.05
sou,0.4883,0.1549,0.0265,0.05
Podle,0.5417,0.2084,0.0261,0.0494
##k,0.6622,0.3289,0.0256,0.0488
##če,0.5894,0.256,0.0256,0.0488
-,0.5154,0.182,0.0256,0.0486
##mě,0.5588,0.2254,0.0256,0.0486
##ny,0.5274,0.1941,0.0256,0.0486
##mí,0.6642,0.3309,0.0252,0.0485
##ský,0.5122,0.1788,0.0256,0.0485
##vá,0.6419,0.3086,0.0252,0.0484
##ovat,0.4886,0.1553,0.0256,0.0483
##kého,0.5205,0.1871,0.0252,0.0479
oz,0.5524,0.219,0.0248,0.0473
##N,0.5538,0.2205,0.0248,0.047
OS,0.5538,0.2205,0.0248,0.047
##la,0.7248,0.3914,0.0244,0.0469
##ňuje,0.7248,0.3914,0.0244,0.0469
##čí,0.5579,0.2245,0.0248,0.0469
##sku,0.6087,0.2753,0.0244,0.0465
##j,0.5575,0.2242,0.0244,0.0463
##ského,0.5138,0.1805,0.0244,0.0463
##ské,0.6726,0.3393,0.0239,0.046
##po,0.6386,0.3052,0.0239,0.0458
##áv,0.6095,0.2762,0.0239,0.0458
Na,0.4062,0.0729,0.0244,0.0458
##lí,0.5704,0.237,0.0239,0.0455
##vý,0.4956,0.1622,0.0239,0.0455
Praze,0.5042,0.1708,0.0239,0.0452
##ák,0.6754,0.342,0.0235,0.0451
##ců,0.6151,0.2817,0.0235,0.0449
##ž,0.596,0.2627,0.0235,0.0448
##ká,0.55,0.2167,0.0231,0.0441
d,0.4771,0.1438,0.0231,0.0439
##ření,0.5868,0.2534,0.0231,0.0439
##tě,0.5592,0.2258,0.0226,0.0433
##ér,0.5587,0.2254,0.0226,0.0433
ro,0.5758,0.2425,0.0226,0.0432
hr,0.5957,0.2624,0.0222,0.0427
více,0.6083,0.275,0.0222,0.0424
Ka,0.64,0.3067,0.0222,0.0423
##vro,0.6664,0.3331,0.0218,0.0421
##ová,0.6717,0.3383,0.0218,0.0421
##ej,0.6029,0.2695,0.0218,0.0419
premi,0.5138,0.1805,0.0218,0.0416
Pol,0.5942,0.2608,0.0214,0.0411
##pe,0.6407,0.3074,0.0214,0.041
š,0.531,0.1976,0.0214,0.0409
##d,0.5295,0.1962,0.0214,0.0405
##pop,0.62,0.2867,0.0209,0.0404
ú,0.6479,0.3145,0.0209,0.0403
prezident,0.5567,0.2233,0.0209,0.0402
kor,0.7555,0.4221,0.0205,0.0397
##ís,0.6975,0.3642,0.0205,0.0396
##ří,0.6581,0.3248,0.0205,0.0395
S,0.5606,0.2273,0.0205,0.0394
##vo,0.5662,0.2329,0.0205,0.0393
##ne,0.48,0.1467,0.0205,0.0393
##řel,0.613,0.2796,0.0205,0.0392
##c,0.4889,0.1556,0.0205,0.0392
šest,0.54,0.2067,0.0205,0.0391
##vi,0.5198,0.1864,0.0201,0.0385
##řech,0.47,0.1367,0.0201,0.0385
##al,0.4958,0.1625,0.0201,0.0384
##vat,0.595,0.2617,0.0197,0.038
##lad,0.6152,0.2819,0.0197,0.038
##wski,0.5731,0.2398,0.0197,0.0379
##ou,0.5688,0.2355,0.0197,0.0378
Od,0.4695,0.1362,0.0197,0.0376
ko,0.4984,0.165,0.0197,0.0375
mini,0.7,0.3667,0.0192,0.0373
Ž,0.5631,0.2298,0.0192,0.0371
ze,0.5171,0.1838,0.0192,0.0367
##ps,0.6798,0.3464,0.0188,0.0365
uz,0.725,0.3917,0.0188,0.0364
Ve,0.73,0.3967,0.0188,0.0364
##ží,0.6167,0.2833,0.0188,0.0364
ná,0.6955,0.3621,0.0188,0.0364
České,0.5133,0.18,0.0188,0.0362
##ct,0.59,0.2567,0.0188,0.0361
##ysta,0.4967,0.1633,0.0188,0.036
##dě,0.7464,0.4131,0.0184,0.0357
##n,0.6167,0.2833,0.0184,0.0356
americké,0.6113,0.278,0.0184,0.0354
##ické,0.7833,0.45,0.0179,0.035
##ii,0.73,0.3967,0.0179,0.035
lidí,0.7921,0.4588,0.0179,0.0348
pomoc,0.77,0.4367,0.0179,0.0348
má,0.8649,0.5315,0.0179,0.0348
##ování,0.7629,0.4295,0.0179,0.0348
##ěn,0.713,0.3796,0.0179,0.0347
##nst,0.575,0.2417,0.0179,0.0345
demo,0.575,0.2417,0.0179,0.0345
##pr,0.591,0.2576,0.0179,0.0345
pl,0.6681,0.3348,0.0175,0.0341
byl,0.5567,0.2233,0.0175,0.0339
dis,0.5833,0.25,0.0175,0.0339
##oz,0.5367,0.2033,0.0175,0.0339
##jí,0.5367,0.2033,0.0175,0.0339
Mora,0.5567,0.2233,0.0175,0.0338
sva,0.5538,0.2205,0.0175,0.0338
##ví,0.4833,0.15,0.0175,0.0337
##ula,0.5281,0.1948,0.0175,0.0337
##uz,0.5571,0.2238,0.0175,0.0337
##ém,0.52,0.1867,0.0175,0.0336
St,0.6329,0.2995,0.0175,0.0335
##M,0.59,0.2567,0.0175,0.0335
##ání,0.7267,0.3933,0.0171,0.0331
##eto,0.6214,0.2881,0.0171,0.033
film,0.5833,0.25,0.0171,0.033
##ji,0.585,0.2517,0.0171,0.033
##cha,0.785,0.4517,0.0167,0.0326
P,0.7617,0.4283,0.0167,0.0324
č,0.5167,0.1833,0.0167,0.0323
jih,0.6233,0.29,0.0167,0.0322
G,0.5467,0.2133,0.0167,0.0322
st,0.535,0.2017,0.0167,0.0322
##tí,0.5862,0.2529,0.0167,0.0322
Brně,0.5567,0.2233,0.0167,0.0322
nad,0.5033,0.17,0.0167,0.0322
##lo,0.7594,0.426,0.0167,0.0322
chce,0.6233,0.29,0.0167,0.0322
##nou,0.5829,0.2495,0.0167,0.0321
##aj,0.54,0.2067,0.0167,0.0321
prezidenta,0.6344,0.3011,0.0167,0.032
fina,0.545,0.2117,0.0162,0.0315
městě,0.6281,0.2948,0.0162,0.0315
##kou,0.5733,0.24,0.0162,0.0314
##vu,0.4867,0.1533,0.0162,0.0313
ř,0.4983,0.165,0.0162,0.0313
##uje,0.5967,0.2633,0.0162,0.0312
##eh,0.4495,0.1162,0.0162,0.0312
##cti,0.835,0.5017,0.0158,0.031
##vání,0.5964,0.2631,0.0158,0.0307
##rán,0.5267,0.1933,0.0158,0.0306
##ěl,0.6472,0.3139,0.0158,0.0306
##vena,0.5667,0.2333,0.0158,0.0306
ot,0.4833,0.15,0.0158,0.0305
##ent,0.5867,0.2533,0.0158,0.0305
##zid,0.5867,0.2533,0.0158,0.0305
vo,0.6175,0.3175,0.0158,0.0305
##vky,0.87,0.5367,0.0154,0.0301
##ové,0.6967,0.3967,0.0154,0.03
##ení,0.56,0.2267,0.0154,0.0298
##ový,0.59,0.2567,0.0154,0.0298
##alo,0.6233,0.29,0.0154,0.0298
Hus,0.6133,0.28,0.0154,0.0298
Sad,0.6133,0.28,0.0154,0.0298
##kt,0.6367,0.3033,0.0154,0.0297
kr,0.6133,0.28,0.0154,0.0297
bu,0.6729,0.3395,0.0154,0.0296
##un,0.8417,0.5083,0.015,0.0293
M,0.7431,0.4098,0.015,0.0292
##ba,0.6567,0.3233,0.015,0.0291
let,0.5967,0.2967,0.015,0.0291
##řad,0.6,0.2667,0.015,0.0291
##vou,0.6067,0.2733,0.015,0.029
##č,0.5683,0.235,0.015,0.029
##ova,0.5083,0.175,0.015,0.029
Sv,0.5367,0.2033,0.015,0.029
##tr,0.63,0.2967,0.015,0.029
Česká,0.63,0.2967,0.015,0.029
##ál,0.5767,0.2433,0.015,0.029
##lav,0.5083,0.175,0.015,0.029
Rus,0.475,0.1417,0.015,0.0289
##stav,0.5805,0.2471,0.015,0.0289
##ních,0.6567,0.3233,0.015,0.0289
sl,0.6433,0.31,0.0145,0.0283
##ev,0.64,0.3067,0.0145,0.0282
kl,0.63,0.2967,0.0145,0.0282
Pre,0.6467,0.3133,0.0145,0.0282
##za,0.6633,0.33,0.0145,0.0281
Jaroslav,0.6633,0.33,0.0145,0.0281
##ín,0.5583,0.225,0.0145,0.0281
ele,0.68,0.3467,0.0145,0.0281
##mu,0.5333,0.2,0.0145,0.0281
přes,0.4667,0.1333,0.0145,0.028
roku,0.6383,0.305,0.0141,0.0275
Z,0.71,0.3767,0.0141,0.0275
##vení,0.65,0.3167,0.0141,0.0275
##lé,0.7367,0.4033,0.0141,0.0275
obyvatel,0.64,0.3067,0.0141,0.0275
##bud,0.6317,0.2983,0.0141,0.0274
nej,0.6167,0.2833,0.0141,0.0274
##ma,0.6567,0.3233,0.0141,0.0274
##czyński,0.6733,0.34,0.0141,0.0274
Amer,0.525,0.1917,0.0141,0.0274
Pan,0.59,0.2567,0.0141,0.0274
Andrzej,0.57,0.2367,0.0141,0.0273
Í,0.4667,0.1333,0.0141,0.0273
dva,0.555,0.2217,0.0141,0.0273
ž,0.49,0.1567,0.0141,0.0272
##ýval,0.5633,0.23,0.0141,0.0271
##edit,0.8567,0.5233,0.0137,0.0268
Č,0.7417,0.4083,0.0137,0.0267
U,0.6367,0.3033,0.0137,0.0267
##ď,0.695,0.395,0.0137,0.0266
firma,0.6733,0.34,0.0137,0.0266
##no,0.5333,0.2,0.0137,0.0266
##Z,0.519,0.1857,0.0137,0.0266
##ního,0.5667,0.2333,0.0137,0.0266
##lu,0.5,0.1667,0.0137,0.0265
##má,0.975,0.6417,0.0132,0.0261
##běh,0.6583,0.325,0.0132,0.026
Jan,0.71,0.3767,0.0132,0.0259
če,0.7767,0.4433,0.0132,0.0259
život,0.7333,0.4,0.0132,0.0259
ku,0.7,0.3667,0.0132,0.0259
##účastnil,0.69,0.3567,0.0132,0.0258
##stra,0.7067,0.3733,0.0132,0.0258
##še,0.8205,0.4871,0.0132,0.0258
##dy,0.715,0.3817,0.0132,0.0258
##dra,0.6467,0.3133,0.0132,0.0258
poprvé,0.5433,0.21,0.0132,0.0257
první,0.53,0.1967,0.0132,0.0257
##ovou,0.5767,0.2433,0.0132,0.0256
##či,0.4862,0.1529,0.0132,0.0255
ho,0.7,0.3667,0.0128,0.0251
##ových,0.7,0.3667,0.0128,0.0251
##yr,0.7167,0.3833,0.0128,0.0251
##es,0.7167,0.3833,0.0128,0.0251
##ýr,0.7167,0.4167,0.0128,0.025
by,0.7333,0.4,0.0128,0.025
os,0.7033,0.37,0.0128,0.025
##on,0.7233,0.39,0.0128,0.025
##ad,0.6917,0.3917,0.0128,0.025
sto,0.7567,0.4233,0.0128,0.025
##zta,0.5267,0.1933,0.0128,0.025
##ská,0.7,0.4,0.0128,0.025
polsk,0.6317,0.2983,0.0128,0.0249
##at,0.5333,0.2,0.0128,0.0249
ceny,0.5183,0.185,0.0128,0.0249
##hla,0.5333,0.2,0.0128,0.0248
##ice,0.4333,0.1,0.0128,0.0248
ni,0.6725,0.3392,0.0128,0.0248
ví,0.8883,0.555,0.0124,0.0244
##vil,0.8583,0.525,0.0124,0.0243
##ly,0.6133,0.28,0.0124,0.0243
získal,0.7333,0.4,0.0124,0.0243
Bu,0.7333,0.4,0.0124,0.0243
pos,0.7333,0.4,0.0124,0.0243
Evropy,0.7333,0.4,0.0124,0.0243
##nost,0.75,0.4167,0.0124,0.0242
##bran,0.7131,0.4131,0.0124,0.0242
##ác,0.7598,0.4598,0.0124,0.0242
So,0.5667,0.2333,0.0124,0.0242
##sí,0.6167,0.2833,0.0124,0.0242
zm,0.71,0.3767,0.0124,0.0242
Rad,0.7567,0.4233,0.0124,0.0242
##nice,0.7567,0.4233,0.0124,0.0242
firmy,0.6133,0.28,0.0124,0.0242
##rova,0.61,0.2767,0.0124,0.0242
##rov,0.65,0.3167,0.0124,0.0242
sk,0.6731,0.3398,0.0124,0.0242
##ěž,0.7071,0.3738,0.0124,0.0241
##dou,0.5083,0.175,0.0124,0.0241
##am,0.635,0.3017,0.0124,0.0241
##il,0.55,0.2167,0.0124,0.0241
##nční,0.4833,0.15,0.0124,0.0241
##ono,0.75,0.4167,0.012,0.0235
soudní,0.75,0.4167,0.012,0.0235
##íz,0.7717,0.4717,0.012,0.0235
Po,0.7833,0.45,0.012,0.0234
milionů,0.7733,0.44,0.012,0.0234
##lat,0.5583,0.225,0.012,0.0234
bez,0.6167,0.2833,0.012,0.0234
##ovi,0.6183,0.285,0.012,0.0233
sv,0.5333,0.2,0.012,0.0233
své,0.5333,0.2,0.012,0.0233
který,0.54,0.2067,0.012,0.0232
##lní,0.7833,0.45,0.0115,0.0227
nav,0.6833,0.35,0.0115,0.0227
##mé,0.8,0.4667,0.0115,0.0226
##dgren,0.7683,0.435,0.0115,0.0226
Lin,0.7683,0.435,0.0115,0.0226
Astrid,0.7683,0.435,0.0115,0.0226
##ěz,0.655,0.3217,0.0115,0.0226
##ási,0.7517,0.4183,0.0115,0.0226
##há,0.735,0.4017,0.0115,0.0226
##je,0.7,0.4,0.0115,0.0226
8,0.8167,0.4833,0.0115,0.0226
Před,0.7283,0.4283,0.0115,0.0226
##ále,0.815,0.4817,0.0115,0.0226
N,0.6083,0.275,0.0115,0.0226
vláda,0.6083,0.275,0.0115,0.0226
země,0.65,0.3167,0.0115,0.0225
leta,0.5833,0.25,0.0115,0.0225
prop,0.55,0.2167,0.0115,0.0225
provozu,0.5567,0.2233,0.0115,0.0224
##ze,0.49,0.1567,0.0115,0.0224
##š,0.59,0.2567,0.0115,0.0224
brit,0.5233,0.19,0.0115,0.0224
rak,0.6767,0.3433,0.0115,0.0224
m,0.4833,0.15,0.0115,0.0224
procent,0.53,0.1967,0.0115,0.0224
wa,0.8,0.4667,0.0111,0.0219
##ální,0.935,0.6017,0.0111,0.0219
##tých,0.8167,0.4833,0.0111,0.0218
##níků,0.8167,0.4833,0.0111,0.0218
republice,0.8167,0.4833,0.0111,0.0218
##nictví,0.8333,0.5,0.0111,0.0218
Š,0.7633,0.4633,0.0111,0.0218
kraji,0.7433,0.41,0.0111,0.0218
hlavním,0.6333,0.3,0.0111,0.0218
##bo,0.71,0.41,0.0111,0.0218
##mi,0.75,0.45,0.0111,0.0217
##s,0.8417,0.5083,0.0111,0.0217
##jev,0.7633,0.43,0.0111,0.0217
##sk,0.5667,0.2333,0.0111,0.0217
ev,0.635,0.3683,0.0111,0.0217
##rop,0.635,0.3683,0.0111,0.0217
##lá,0.6167,0.2833,0.0111,0.0217
fede,0.7238,0.3905,0.0111,0.0217
které,0.5333,0.2,0.0111,0.0216
##ym,0.5333,0.2,0.0111,0.0216
##čný,0.5333,0.2,0.0111,0.0216
##nasta,0.5333,0.2,0.0111,0.0216
##race,0.6905,0.3571,0.0111,0.0216
##ově,0.6067,0.2733,0.0111,0.0216
2008,0.4333,0.1,0.0111,0.0216
mimo,0.8333,0.5,0.0107,0.0211
##odní,0.8333,0.5,0.0107,0.0211
##stup,0.8333,0.5,0.0107,0.0211
##dní,0.8333,0.5,0.0107,0.0211
H,0.85,0.5167,0.0107,0.021
##ša,0.85,0.5167,0.0107,0.021
používá,0.85,0.5167,0.0107,0.021
##lha,0.85,0.5167,0.0107,0.021
##bie,0.85,0.5167,0.0107,0.021
##nol,0.86,0.5267,0.0107,0.021
##nské,0.7667,0.4333,0.0107,0.021
##hl,0.8267,0.4933,0.0107,0.021
##tic,0.8733,0.54,0.0107,0.021
##seda,0.7267,0.4267,0.0107,0.0209
R,0.8083,0.475,0.0107,0.0209
Freud,0.7433,0.41,0.0107,0.0209
##sto,0.6083,0.3083,0.0107,0.0209
##ek,0.575,0.2417,0.0107,0.0209
Ku,0.55,0.2167,0.0107,0.0209
##vec,0.7071,0.3738,0.0107,0.0208
pla,0.7071,0.3738,0.0107,0.0208
##ms,0.6417,0.3083,0.0107,0.0208
##val,0.66,0.36,0.0107,0.0208
##rp,0.69,0.3567,0.0107,0.0207
března,0.8833,0.55,0.0103,0.0202
##ného,0.8333,0.5,0.0103,0.0202
bit,0.6333,0.3,0.0103,0.0202
Donald,0.7,0.4,0.0103,0.0201
##ři,0.8017,0.4683,0.0103,0.0201
##hy,0.7933,0.46,0.0103,0.0201
ČR,0.6967,0.3967,0.0103,0.0201
##ěk,0.5333,0.2,0.0103,0.0201
Václav,0.5667,0.2333,0.0103,0.0201
##vot,0.625,0.2917,0.0103,0.0201
##ura,0.6833,0.35,0.0103,0.0201
kvart,0.6133,0.28,0.0103,0.02
##ciano,0.6133,0.28,0.0103,0.02
##stava,0.6667,0.3333,0.0103,0.02
Hlavní,0.5333,0.2,0.0103,0.02
##ává,0.5917,0.2583,0.0103,0.02
pohár,0.4667,0.1333,0.0103,0.02
Post,0.5,0.1667,0.0103,0.02
Ostrava,0.6733,0.34,0.0103,0.0199
##elor,0.6733,0.34,0.0103,0.0199
Arc,0.6733,0.34,0.0103,0.0199
##itt,0.6733,0.34,0.0103,0.0199
Br,0.9,0.5667,0.0098,0.0194
nyní,0.9,0.5667,0.0098,0.0194
##ladi,0.9,0.5667,0.0098,0.0194
žije,0.9,0.5667,0.0098,0.0194
řeky,0.9,0.5667,0.0098,0.0194
stav,0.9,0.5667,0.0098,0.0194
##el,0.8667,0.5333,0.0098,0.0194
##yn,0.8167,0.4833,0.0098,0.0194
prostředí,0.7333,0.4333,0.0098,0.0193
##zu,0.675,0.3417,0.0098,0.0193
Me,0.7267,0.3933,0.0098,0.0193
##str,0.7583,0.425,0.0098,0.0193
Sigmund,0.8433,0.51,0.0098,0.0193
##ých,0.6167,0.2833,0.0098,0.0192
brat,0.55,0.2167,0.0098,0.0192
střední,0.55,0.2167,0.0098,0.0192
Che,0.65,0.3167,0.0098,0.0192
Ba,0.6167,0.2833,0.0098,0.0191
##bán,0.6167,0.2833,0.0098,0.0191
##ident,0.6167,0.2833,0.0098,0.0191
##pro,0.55,0.2167,0.0098,0.0191
cenu,0.6233,0.29,0.0098,0.0191
##ež,0.9333,0.6,0.0094,0.0186
dostal,0.9333,0.6,0.0094,0.0186
eu,0.9333,0.6,0.0094,0.0186
Sp,0.8417,0.5083,0.0094,0.0185
dubna,0.7667,0.4667,0.0094,0.0185
##ných,0.7583,0.425,0.0094,0.0185
##kol,0.7083,0.4083,0.0094,0.0185
Ne,0.8917,0.5583,0.0094,0.0185
##ských,0.7667,0.4667,0.0094,0.0185
C,0.725,0.3917,0.0094,0.0185
##tl,0.7167,0.3833,0.0094,0.0185
##ním,0.7167,0.3833,0.0094,0.0185
##šť,0.6833,0.3833,0.0094,0.0185
méně,0.7133,0.38,0.0094,0.0185
##ým,0.7,0.3667,0.0094,0.0184
##ným,0.6333,0.3,0.0094,0.0184
##hodu,0.6833,0.35,0.0094,0.0184
##ír,0.5583,0.225,0.0094,0.0184
zákona,0.7333,0.4,0.0094,0.0184
Martin,0.6667,0.3333,0.0094,0.0184
##nan,0.6667,0.3333,0.0094,0.0184
##iště,0.6,0.2667,0.0094,0.0184
##ván,0.6,0.2667,0.0094,0.0184
000,0.5333,0.2,0.0094,0.0184
##nov,0.6333,0.3,0.0094,0.0184
Fr,0.6333,0.3,0.0094,0.0184
##ham,0.6,0.2667,0.0094,0.0183
Brits,0.6733,0.34,0.0094,0.0183
##rsku,0.9667,0.6333,0.009,0.0178
##lně,0.9667,0.6333,0.009,0.0178
Sarkozy,0.9667,0.6333,0.009,0.0178
Nicolas,0.9667,0.6333,0.009,0.0178
##ěla,0.9,0.5667,0.009,0.0177
##mil,0.9,0.5667,0.009,0.0177
##dr,0.825,0.4917,0.009,0.0177
pra,0.8083,0.475,0.009,0.0177
##dce,0.7667,0.4333,0.009,0.0177
##up,0.6833,0.35,0.009,0.0177
organi,0.65,0.3167,0.009,0.0177
ús,0.7667,0.4333,0.009,0.0177
##om,0.6083,0.3083,0.009,0.0176
mezi,0.6667,0.3667,0.009,0.0176
##ům,0.7917,0.4917,0.009,0.0176
společnost,0.785,0.485,0.009,0.0176
##de,0.6767,0.3767,0.009,0.0176
I,0.6167,0.3167,0.009,0.0176
smrti,0.6167,0.2833,0.009,0.0176
##kém,0.675,0.3417,0.009,0.0176
Do,0.55,0.2167,0.009,0.0176
EU,0.8017,0.4683,0.009,0.0176
##dla,0.55,0.2167,0.009,0.0176
##ys,0.55,0.2167,0.009,0.0176
##čního,0.7167,0.3833,0.009,0.0176
ke,0.65,0.3167,0.009,0.0176
Muslims,0.65,0.3167,0.009,0.0176
vs,0.65,0.3167,0.009,0.0176
##pan,0.7083,0.375,0.009,0.0176
##řil,0.5833,0.25,0.009,0.0176
##kod,0.5833,0.25,0.009,0.0176
##cen,0.5167,0.1833,0.009,0.0176
##T,0.7,0.3667,0.009,0.0175
město,0.6833,0.35,0.009,0.0175
##ech,0.6167,0.2833,0.009,0.0175
Sanders,0.6167,0.2833,0.009,0.0175
##olo,0.6167,0.2833,0.009,0.0175
##vola,0.6167,0.2833,0.009,0.0175
asi,0.7233,0.39,0.009,0.0174
minulosti,1.0,0.6667,0.0085,0.0169
des,1.0,0.6667,0.0085,0.0169
##áp,1.0,0.6667,0.0085,0.0169
osob,1.0,0.6667,0.0085,0.0169
##štní,1.0,0.6667,0.0085,0.0169
##ští,0.8917,0.5583,0.0085,0.0169
op,0.8,0.4667,0.0085,0.0169
l,0.75,0.4167,0.0085,0.0168
ned,0.8667,0.5333,0.0085,0.0168
##dně,0.8,0.5,0.0085,0.0168
##ov,0.6833,0.35,0.0085,0.0168
so,0.6667,0.3667,0.0085,0.0168
taj,0.725,0.425,0.0085,0.0168
##čan,0.6333,0.3,0.0085,0.0168
##rku,0.6333,0.3,0.0085,0.0168
Česko,0.6833,0.4167,0.0085,0.0168
##kra,0.85,0.5167,0.0085,0.0168
mít,0.6667,0.3333,0.0085,0.0168
Ha,0.8167,0.4833,0.0085,0.0168
##šit,0.6,0.2667,0.0085,0.0168
##ate,0.5333,0.2,0.0085,0.0168
##ční,0.5433,0.2767,0.0085,0.0167
Česku,0.76,0.46,0.0085,0.0167
Pro,0.7,0.3667,0.0085,0.0167
##pok,0.7,0.3667,0.0085,0.0167
##fert,0.6333,0.3,0.0085,0.0167
hod,0.6333,0.3,0.0085,0.0167
ter,0.6333,0.3,0.0085,0.0167
Jižní,0.6333,0.3,0.0085,0.0167
##ovaný,0.5667,0.2333,0.0085,0.0167
rá,0.5667,0.2333,0.0085,0.0167
otra,0.5667,0.2333,0.0085,0.0167
americký,0.7333,0.4,0.0085,0.0167
rekord,0.6667,0.3333,0.0085,0.0167
poc,0.6667,0.3333,0.0085,0.0167
##loni,0.8667,0.5333,0.0081,0.016
##ového,0.75,0.45,0.0081,0.016
##řed,0.725,0.425,0.0081,0.016
proto,0.6417,0.375,0.0081,0.016
vlády,0.6833,0.35,0.0081,0.016
##ú,0.6833,0.35,0.0081,0.016
n,0.6833,0.35,0.0081,0.016
##smu,0.6833,0.35,0.0081,0.016
##vali,0.7417,0.4083,0.0081,0.016
##ars,0.7667,0.4667,0.0081,0.016
por,0.6167,0.2833,0.0081,0.016
##ži,0.6167,0.2833,0.0081,0.016
nebyl,0.6167,0.2833,0.0081,0.016
Pod,0.7417,0.475,0.0081,0.016
##že,0.55,0.2167,0.0081,0.016
sp,0.8167,0.4833,0.0081,0.016
##rak,0.6083,0.3417,0.0081,0.016
neu,0.76,0.46,0.0081,0.016
Hr,0.7933,0.4933,0.0081,0.016
##dejší,0.7167,0.3833,0.0081,0.0159
##vé,0.5083,0.275,0.0081,0.0159
##chy,0.65,0.3167,0.0081,0.0159
II,0.65,0.3167,0.0081,0.0159
Pavel,0.65,0.3167,0.0081,0.0159
##vské,0.65,0.3167,0.0081,0.0159
divadlo,0.7,0.4,0.0081,0.0159
bylo,0.7667,0.4667,0.0081,0.0159
##vod,0.5833,0.25,0.0081,0.0159
##ění,0.75,0.4167,0.0081,0.0159
lidé,0.6833,0.35,0.0081,0.0159
nes,0.6833,0.35,0.0081,0.0159
gr,0.6833,0.35,0.0081,0.0159
##šení,0.6167,0.2833,0.0081,0.0159
kap,0.6167,0.2833,0.0081,0.0159
##vin,0.8,0.5,0.0077,0.0152
nem,0.8833,0.55,0.0077,0.0152
stát,0.825,0.525,0.0077,0.0152
b,0.93,0.5967,0.0077,0.0152
út,0.95,0.6167,0.0077,0.0152
pad,0.75,0.45,0.0077,0.0152
meta,0.9,0.5667,0.0077,0.0152
zařízení,0.8,0.4667,0.0077,0.0152
##íř,0.7333,0.4,0.0077,0.0152
září,0.7333,0.4,0.0077,0.0152
##ti,0.7333,0.4,0.0077,0.0152
##čení,0.6167,0.3833,0.0077,0.0152
deset,0.6667,0.3333,0.0077,0.0152
Ok,0.725,0.3917,0.0077,0.0152
Tom,0.725,0.3917,0.0077,0.0152
Tu,0.775,0.475,0.0077,0.0151
##tit,0.7667,0.4667,0.0077,0.0151
##prav,0.7667,0.4333,0.0077,0.0151
ene,0.7,0.3667,0.0077,0.0151
##rge,0.7,0.3667,0.0077,0.0151
mají,0.7,0.3667,0.0077,0.0151
režisér,0.7,0.3667,0.0077,0.0151
##love,0.7,0.3667,0.0077,0.0151
Havel,0.6333,0.3,0.0077,0.0151
Díky,0.6333,0.3,0.0077,0.0151
##ust,0.6333,0.3,0.0077,0.0151
##ků,0.6433,0.3767,0.0077,0.0151
##ema,0.7333,0.4,0.0077,0.0151
##čů,0.7333,0.4,0.0077,0.0151
voli,0.7333,0.4,0.0077,0.0151
Espinosa,0.7333,0.4,0.0077,0.0151
Oscar,0.7333,0.4,0.0077,0.0151
##ít,0.6667,0.3333,0.0077,0.0151
##kro,0.6667,0.3333,0.0077,0.0151
Sá,0.6667,0.3333,0.0077,0.0151
Led,0.6667,0.3333,0.0077,0.0151
milion,0.6,0.3333,0.0077,0.0151
##áš,0.71,0.41,0.0077,0.015
ostrov,0.7,0.3667,0.0077,0.015
##ják,0.4767,0.2433,0.0077,0.015
p,0.8167,0.4833,0.0073,0.0144
##áři,0.7833,0.4833,0.0073,0.0144
##znam,0.7,0.4333,0.0073,0.0143
##áže,0.7833,0.45,0.0073,0.0143
##bot,0.7833,0.45,0.0073,0.0143
sa,0.7833,0.45,0.0073,0.0143
##pon,0.7833,0.45,0.0073,0.0143
##šo,0.6333,0.3667,0.0073,0.0143
##io,0.7167,0.3833,0.0073,0.0143
festival,0.7167,0.3833,0.0073,0.0143
protest,0.7167,0.3833,0.0073,0.0143
proces,0.7167,0.3833,0.0073,0.0143
##ben,0.7167,0.3833,0.0073,0.0143
##tu,0.6167,0.35,0.0073,0.0143
##sts,0.6333,0.3667,0.0073,0.0143
Ř,0.5833,0.35,0.0073,0.0143
##bra,0.7417,0.4417,0.0073,0.0143
##tila,0.65,0.3167,0.0073,0.0143
France,0.65,0.3167,0.0073,0.0143
pape,0.65,0.3167,0.0073,0.0143
Air,0.65,0.3167,0.0073,0.0143
##ve,0.7,0.4,0.0073,0.0143
##ník,0.6667,0.4,0.0073,0.0143
pr,0.6417,0.375,0.0073,0.0143
rady,0.7667,0.4667,0.0073,0.0143
##zí,0.825,0.525,0.0073,0.0143
Gene,0.55,0.2833,0.0073,0.0143
##rální,0.55,0.2833,0.0073,0.0143
rozhodl,0.75,0.4167,0.0073,0.0143
Nassau,0.75,0.4167,0.0073,0.0143
21,0.6833,0.35,0.0073,0.0143
##yba,0.6833,0.35,0.0073,0.0143
divadla,0.6833,0.35,0.0073,0.0143
podporu,0.6167,0.35,0.0073,0.0143
##vých,0.7267,0.46,0.0073,0.0143
Králové,0.7917,0.4917,0.0073,0.0143
NATO,0.835,0.535,0.0073,0.0143
##ůl,0.5667,0.3,0.0073,0.0143
##tní,0.85,0.5167,0.0073,0.0142
mezinárodní,0.7167,0.3833,0.0073,0.0142
zoo,0.9667,0.6333,0.0068,0.0135
hl,0.8167,0.5167,0.0068,0.0135
ch,0.8,0.4667,0.0068,0.0135
tres,0.7333,0.4667,0.0068,0.0135
druhé,0.7833,0.4833,0.0068,0.0135
##bor,0.7833,0.4833,0.0068,0.0135
si,0.7167,0.4167,0.0068,0.0135
##ích,0.7167,0.4167,0.0068,0.0135
A,0.8333,0.5,0.0068,0.0135
##ám,0.8333,0.5,0.0068,0.0135
prvním,0.8333,0.5,0.0068,0.0135
hal,0.8333,0.5,0.0068,0.0135
##lko,0.7417,0.475,0.0068,0.0135
Morales,0.7667,0.4333,0.0068,0.0135
##tro,0.7667,0.4333,0.0068,0.0135
mí,0.7667,0.4333,0.0068,0.0135
Al,0.7667,0.4333,0.0068,0.0135
##áze,0.7667,0.4333,0.0068,0.0135
##lum,0.7667,0.4333,0.0068,0.0135
kan,0.7167,0.4167,0.0068,0.0135
Soc,0.7333,0.4333,0.0068,0.0135
mun,0.7333,0.4333,0.0068,0.0135
Ki,0.7333,0.4333,0.0068,0.0135
ud,0.85,0.55,0.0068,0.0135
povo,0.7,0.3667,0.0068,0.0135
##dov,0.7,0.3667,0.0068,0.0135
##ili,0.7,0.3667,0.0068,0.0135
um,0.6333,0.3667,0.0068,0.0135
me,0.6917,0.425,0.0068,0.0135
##vedl,0.6833,0.3833,0.0068,0.0135
svém,0.7333,0.4,0.0068,0.0134
malé,0.7333,0.4,0.0068,0.0134
ministers,0.7333,0.4,0.0068,0.0134
##více,0.7333,0.4,0.0068,0.0134
##tla,0.7333,0.4,0.0068,0.0134
##oris,0.7333,0.4,0.0068,0.0134
refere,0.7333,0.4,0.0068,0.0134
##dky,0.7333,0.4,0.0068,0.0134
##tva,0.7333,0.4,0.0068,0.0134
##py,0.7667,0.4333,0.0068,0.0134
re,0.9667,0.6333,0.0064,0.0127
##cké,0.9,0.6,0.0064,0.0127
pot,0.8667,0.5667,0.0064,0.0127
Tank,0.85,0.5167,0.0064,0.0127
Kent,0.7667,0.5,0.0064,0.0127
Peter,0.7667,0.5,0.0064,0.0127
##né,0.8,0.4667,0.0064,0.0127
##E,0.65,0.3833,0.0064,0.0127
##krajina,0.8167,0.4833,0.0064,0.0127
##ánů,0.8167,0.4833,0.0064,0.0127
poslední,0.8167,0.4833,0.0064,0.0127
11,0.8167,0.4833,0.0064,0.0127
##ého,0.725,0.4583,0.0064,0.0127
Re,0.75,0.4167,0.0064,0.0127
shromáždění,0.75,0.4167,0.0064,0.0127
##zní,0.75,0.4167,0.0064,0.0127
##sé,0.75,0.4167,0.0064,0.0127
##čet,0.75,0.4167,0.0064,0.0127
##ským,0.75,0.4167,0.0064,0.0127
23,0.75,0.4167,0.0064,0.0127
##ver,0.75,0.4167,0.0064,0.0127
Egypt,0.75,0.4167,0.0064,0.0127
část,0.75,0.4167,0.0064,0.0127
politik,0.75,0.4167,0.0064,0.0127
zákon,0.75,0.4167,0.0064,0.0127
##jni,0.7167,0.4167,0.0064,0.0127
##ovny,0.7167,0.4167,0.0064,0.0127
voz,0.6667,0.4,0.0064,0.0127
spolu,0.6833,0.4167,0.0064,0.0127
města,0.6833,0.4167,0.0064,0.0127
##rac,0.6833,0.4167,0.0064,0.0127
Jiří,0.725,0.4583,0.0064,0.0127
unie,0.7333,0.4333,0.0064,0.0126
Cho,0.7917,0.4917,0.0064,0.0126
##msky,0.7917,0.4917,0.0064,0.0126
už,0.6667,0.3667,0.0064,0.0126
##šče,0.6167,0.35,0.0064,0.0126
##so,0.6333,0.3667,0.0064,0.0126
##ší,0.6333,0.3667,0.0064,0.0126
##pra,0.6333,0.3667,0.0064,0.0126
##jen,0.575,0.375,0.0064,0.0126
##mn,0.5667,0.3,0.0064,0.0126
##ob,0.575,0.3417,0.0064,0.0126
##íd,0.65,0.3833,0.0064,0.0126
##not,0.85,0.5167,0.0064,0.0126
noci,0.85,0.5167,0.0064,0.0126
##klad,0.4833,0.25,0.0064,0.0126
Var,0.7833,0.45,0.0064,0.0126
filmu,0.7833,0.45,0.0064,0.0126
##upi,0.7833,0.45,0.0064,0.0126
mistrovství,0.7833,0.45,0.0064,0.0126
všechny,0.7833,0.45,0.0064,0.0126
##ház,0.7833,0.45,0.0064,0.0126
kritik,0.7833,0.45,0.0064,0.0126
místo,0.7833,0.45,0.0064,0.0126
##ův,0.6,0.3667,0.0064,0.0126
15,0.725,0.4583,0.0064,0.0126
t,0.66,0.3933,0.0064,0.0126
##amer,0.85,0.55,0.006,0.0119
ka,0.8,0.5,0.006,0.0119
sna,0.7,0.4667,0.006,0.0118
##kon,0.8167,0.5167,0.006,0.0118
mu,0.7667,0.5,0.006,0.0118
kontrakt,0.8667,0.5333,0.006,0.0118
##íl,0.8667,0.5333,0.006,0.0118
var,0.8667,0.5333,0.006,0.0118
nachází,0.8667,0.5333,0.006,0.0118
tři,0.8,0.4667,0.006,0.0118
##šuje,0.8,0.4667,0.006,0.0118
umění,0.8,0.4667,0.006,0.0118
lo,0.8,0.4667,0.006,0.0118
##hal,0.8,0.4667,0.006,0.0118
politické,0.8,0.4667,0.006,0.0118
##šlo,0.8,0.4667,0.006,0.0118
##nés,0.8,0.4667,0.006,0.0118
letech,0.8,0.4667,0.006,0.0118
##žem,0.8,0.4667,0.006,0.0118
##izace,0.8,0.4667,0.006,0.0118
##áci,0.8,0.4667,0.006,0.0118
kaple,0.8,0.4667,0.006,0.0118
##cet,0.8,0.4667,0.006,0.0118
Havana,0.8,0.4667,0.006,0.0118
nel,0.8,0.4667,0.006,0.0118
KV,0.8,0.4667,0.006,0.0118
východ,0.8,0.4667,0.006,0.0118
##F,0.8,0.4667,0.006,0.0118
##prave,0.8,0.4667,0.006,0.0118
##IF,0.8,0.4667,0.006,0.0118
##por,0.8,0.4667,0.006,0.0118
##fo,0.8,0.4667,0.006,0.0118
kvůli,0.8,0.4667,0.006,0.0118
##en,0.8,0.4667,0.006,0.0118
Os,0.65,0.3833,0.006,0.0118
##ív,0.7667,0.4667,0.006,0.0118
##kai,0.7667,0.4667,0.006,0.0118
tr,0.7,0.4,0.006,0.0118
##lý,0.6667,0.4,0.006,0.0118
ml,0.6667,0.4,0.006,0.0118
Los,0.85,0.55,0.006,0.0118
Kanada,0.575,0.3417,0.006,0.0118
Ma,0.45,0.2167,0.006,0.0118
##ště,0.8333,0.5,0.006,0.0118
Li,0.8333,0.5,0.006,0.0118
##nul,0.8333,0.5,0.006,0.0118
ins,0.7,0.4333,0.006,0.0118
##zn,0.4917,0.2917,0.006,0.0118
br,0.5417,0.3083,0.006,0.0118
##jem,0.5083,0.3083,0.006,0.0118
##ha,0.4167,0.2167,0.006,0.0117
leto,1.0,0.6667,0.0056,0.011
volbách,0.95,0.6167,0.0056,0.011
Trump,0.85,0.55,0.0056,0.011
gener,0.8,0.5333,0.0056,0.011
Pr,0.9,0.5667,0.0056,0.011
##ný,0.75,0.4833,0.0056,0.011
##kend,0.8667,0.5667,0.0056,0.011
##lov,0.8667,0.5667,0.0056,0.011
Bol,0.8,0.5,0.0056,0.011
##nik,0.75,0.4833,0.0056,0.011
nu,0.75,0.4833,0.0056,0.011
Lech,0.9167,0.5833,0.0056,0.011
mnoho,0.85,0.5167,0.0056,0.011
senior,0.85,0.5167,0.0056,0.011
1971,0.85,0.5167,0.0056,0.011
(,0.85,0.5167,0.0056,0.011
),0.85,0.5167,0.0056,0.011
Indo,0.85,0.5167,0.0056,0.011
mal,0.85,0.5167,0.0056,0.011
British,0.85,0.5167,0.0056,0.011
##chal,0.85,0.5167,0.0056,0.011
možnost,0.85,0.5167,0.0056,0.011
##hos,0.85,0.5167,0.0056,0.011
##čko,0.85,0.5167,0.0056,0.011
##be,0.85,0.5167,0.0056,0.011
##kaz,0.85,0.5167,0.0056,0.011
zes,0.85,0.5167,0.0056,0.011
dětí,0.85,0.5167,0.0056,0.011
koncert,0.85,0.5167,0.0056,0.011
Tur,0.85,0.5167,0.0056,0.011
dra,0.85,0.5167,0.0056,0.011
##rce,0.85,0.5167,0.0056,0.011
7,0.85,0.5167,0.0056,0.011
##íru,0.85,0.5167,0.0056,0.011
##vala,0.85,0.5167,0.0056,0.011
##ota,0.85,0.5167,0.0056,0.011
Airways,0.85,0.5167,0.0056,0.011
František,0.85,0.5167,0.0056,0.011
##hé,0.85,0.5167,0.0056,0.011
##ách,0.75,0.45,0.0056,0.011
největší,0.7,0.4333,0.0056,0.011
##žen,0.65,0.3833,0.0056,0.011
dar,0.65,0.3833,0.0056,0.011
##dné,0.55,0.35,0.0056,0.011
##oma,0.55,0.35,0.0056,0.011
##kem,0.6667,0.4,0.0056,0.011
války,0.6667,0.4,0.0056,0.011
##pade,0.6667,0.4,0.0056,0.011
37,0.6667,0.4,0.0056,0.011
##hod,0.6667,0.4,0.0056,0.011
##tá,0.6333,0.4,0.0056,0.011
Kan,0.6,0.3333,0.0056,0.011
i,0.5,0.2667,0.0056,0.011
Santander,0.6167,0.35,0.0056,0.011
Zurich,0.6167,0.35,0.0056,0.011
##bu,0.5833,0.35,0.0056,0.011
Ved,0.8833,0.55,0.0056,0.011
Německu,0.5167,0.2833,0.0056,0.011
jedna,0.5417,0.3417,0.0056,0.011
##oku,0.65,0.4167,0.0056,0.0109
vedení,0.6,0.3667,0.0056,0.0109
dnes,0.55,0.3167,0.0056,0.0109
##lověk,0.95,0.6167,0.0051,0.0102
Diplomat,0.9,0.6,0.0051,0.0102
2005,0.9,0.6,0.0051,0.0102
22,0.9,0.6,0.0051,0.0102
##ěch,0.85,0.55,0.0051,0.0102
Francii,0.9,0.5667,0.0051,0.0102
##vní,0.9,0.5667,0.0051,0.0102
##pts,0.9,0.5667,0.0051,0.0102
egy,0.9,0.5667,0.0051,0.0102
nah,0.9,0.5667,0.0051,0.0102
##ren,0.9,0.5667,0.0051,0.0102
700,0.9,0.5667,0.0051,0.0102
zna,0.9,0.5667,0.0051,0.0102
##cé,0.9,0.5667,0.0051,0.0102
##dle,0.9,0.5667,0.0051,0.0102
##lv,0.9,0.5667,0.0051,0.0102
Berg,0.9,0.5667,0.0051,0.0102
##zer,0.9,0.5667,0.0051,0.0102
ještě,0.9,0.5667,0.0051,0.0102
##lane,0.9,0.5667,0.0051,0.0102
##lů,0.9,0.5667,0.0051,0.0102
2015,0.9,0.5667,0.0051,0.0102
##ami,0.9,0.5667,0.0051,0.0102
První,0.9,0.5667,0.0051,0.0102
Proc,0.9,0.5667,0.0051,0.0102
55,0.9,0.5667,0.0051,0.0102
##lil,0.75,0.4833,0.0051,0.0102
##rma,0.75,0.4833,0.0051,0.0102
Info,0.75,0.4833,0.0051,0.0102
##ole,0.7,0.4667,0.0051,0.0102
##stru,0.8667,0.5667,0.0051,0.0102
lid,0.7,0.4667,0.0051,0.0102
pan,0.7,0.4667,0.0051,0.0102
##ud,0.7667,0.5,0.0051,0.0102
ma,0.7,0.4333,0.0051,0.0102
vele,0.7,0.4333,0.0051,0.0102
##ánu,0.7,0.4333,0.0051,0.0102
##chod,0.65,0.4167,0.0051,0.0102
další,0.8167,0.5167,0.0051,0.0102
##du,0.75,0.45,0.0051,0.0101
vodní,0.75,0.45,0.0051,0.0101
Motor,0.6,0.3667,0.0051,0.0101
##ühle,0.6,0.3667,0.0051,0.0101
Clinton,0.7167,0.45,0.0051,0.0101
##pod,0.65,0.3833,0.0051,0.0101
##ace,0.6167,0.3833,0.0051,0.0101
##O,0.675,0.4417,0.0051,0.0101
##yt,0.55,0.3167,0.0051,0.0101
##cars,0.6667,0.4,0.0051,0.0101
##śnie,0.5167,0.3167,0.0051,0.0101
Aleksander,0.5167,0.3167,0.0051,0.0101
Kwa,0.5167,0.3167,0.0051,0.0101
##čas,0.575,0.375,0.0051,0.0101
Itálie,0.9333,0.6,0.0051,0.0101
náměstí,0.5667,0.3333,0.0051,0.0101
Star,0.5667,0.3333,0.0051,0.0101
500,0.5667,0.3333,0.0051,0.0101
ukr,0.5667,0.3333,0.0051,0.0101
pen,0.625,0.3917,0.0051,0.0101
##ovali,0.5,0.2667,0.0051,0.0101
rozvoj,0.5,0.2667,0.0051,0.0101
##is,0.5417,0.3417,0.0051,0.0101
##rmo,0.4167,0.2167,0.0051,0.0101
info,0.4167,0.2167,0.0051,0.0101
Když,0.9,0.6,0.0047,0.0093
##tav,0.9,0.6,0.0047,0.0093
2016,0.9,0.6,0.0047,0.0093
##oval,0.9,0.6,0.0047,0.0093
Ga,0.9,0.6,0.0047,0.0093
##toupil,0.95,0.6167,0.0047,0.0093
Olomouc,0.95,0.6167,0.0047,0.0093
plat,0.95,0.6167,0.0047,0.0093
##hel,0.95,0.6167,0.0047,0.0093
##hlásil,0.95,0.6167,0.0047,0.0093
##stán,0.95,0.6167,0.0047,0.0093
lety,0.95,0.6167,0.0047,0.0093
až,0.95,0.6167,0.0047,0.0093
té,0.95,0.6167,0.0047,0.0093
med,0.95,0.6167,0.0047,0.0093
menší,0.95,0.6167,0.0047,0.0093
##iá,0.95,0.6167,0.0047,0.0093
##ig,0.95,0.6167,0.0047,0.0093
spor,0.95,0.6167,0.0047,0.0093
##sou,0.95,0.6167,0.0047,0.0093
##rstvo,0.95,0.6167,0.0047,0.0093
##vku,0.95,0.6167,0.0047,0.0093
##zdy,0.95,0.6167,0.0047,0.0093
turi,0.95,0.6167,0.0047,0.0093
##nda,0.95,0.6167,0.0047,0.0093
##mov,0.95,0.6167,0.0047,0.0093
vojenské,0.95,0.6167,0.0047,0.0093
ry,0.95,0.6167,0.0047,0.0093
##nce,0.95,0.6167,0.0047,0.0093
skladby,0.95,0.6167,0.0047,0.0093
##tane,0.95,0.6167,0.0047,0.0093
im,0.95,0.6167,0.0047,0.0093
hudební,0.95,0.6167,0.0047,0.0093
##kové,0.95,0.6167,0.0047,0.0093
##ček,0.8,0.5333,0.0047,0.0093
##aso,0.8,0.5333,0.0047,0.0093
##átek,0.85,0.55,0.0047,0.0093
te,0.75,0.4833,0.0047,0.0093
##ru,0.75,0.4833,0.0047,0.0093
Se,0.7,0.4667,0.0047,0.0093
##ují,0.7,0.4667,0.0047,0.0093
Um,0.6,0.4,0.0047,0.0093
nové,0.6,0.4,0.0047,0.0093
Národní,0.8,0.5,0.0047,0.0093
rus,0.8,0.5,0.0047,0.0093
##kot,0.65,0.4167,0.0047,0.0093
##čená,0.6,0.4,0.0047,0.0093
##le,0.7667,0.5,0.0047,0.0093
##ut,0.7,0.4667,0.0047,0.0093
##dler,0.6667,0.4333,0.0047,0.0093
dot,0.6667,0.4333,0.0047,0.0093
##pin,0.6667,0.4333,0.0047,0.0093
##ts,0.6,0.3667,0.0047,0.0093
##hody,0.7167,0.45,0.0047,0.0093
##ojen,0.7167,0.45,0.0047,0.0093
syna,0.7167,0.45,0.0047,0.0093
1945,0.5667,0.3667,0.0047,0.0093
##oky,0.5667,0.3667,0.0047,0.0093
##ost,0.65,0.3833,0.0047,0.0093
světové,0.65,0.3833,0.0047,0.0093
Gabriel,0.65,0.3833,0.0047,0.0093
##te,0.65,0.3833,0.0047,0.0093
min,0.5,0.3,0.0047,0.0093
den,0.5,0.3,0.0047,0.0093
##rstva,0.6167,0.3833,0.0047,0.0093
##eli,0.5667,0.3667,0.0047,0.0093
li,0.675,0.4417,0.0047,0.0093
##vist,0.675,0.4417,0.0047,0.0093
##ng,0.675,0.4417,0.0047,0.0093
vol,0.675,0.4417,0.0047,0.0093
##nka,0.55,0.3167,0.0047,0.0093
obra,0.55,0.3167,0.0047,0.0093
div,0.5167,0.3167,0.0047,0.0093
gal,0.5167,0.3167,0.0047,0.0093
##bě,0.5167,0.3167,0.0047,0.0093
##žský,0.5167,0.3167,0.0047,0.0093
No,0.5667,0.3333,0.0047,0.0093
##kání,0.5667,0.3333,0.0047,0.0093
nového,0.5333,0.3333,0.0047,0.0093
##stavuje,0.525,0.325,0.0047,0.0093
##kut,0.4167,0.25,0.0047,0.0092
kteří,0.3667,0.2,0.0047,0.0092
pe,1.0,0.6667,0.0043,0.0085
##rná,1.0,0.6667,0.0043,0.0085
##rnu,1.0,0.6667,0.0043,0.0085
##tne,1.0,0.6667,0.0043,0.0085
nato,1.0,0.6667,0.0043,0.0085
čtyři,1.0,0.6667,0.0043,0.0085
##dn,1.0,0.6667,0.0043,0.0085
##ot,1.0,0.6667,0.0043,0.0085
##lta,1.0,0.6667,0.0043,0.0085
testu,1.0,0.6667,0.0043,0.0085
##ňa,1.0,0.6667,0.0043,0.0085
kad,1.0,0.6667,0.0043,0.0085
lá,1.0,0.6667,0.0043,0.0085
##čná,1.0,0.6667,0.0043,0.0085
vyšší,1.0,0.6667,0.0043,0.0085
James,1.0,0.6667,0.0043,0.0085
Jade,1.0,0.6667,0.0043,0.0085
As,1.0,0.6667,0.0043,0.0085
##isu,1.0,0.6667,0.0043,0.0085
Oscara,1.0,0.6667,0.0043,0.0085
##dé,1.0,0.6667,0.0043,0.0085
Kom,1.0,0.6667,0.0043,0.0085
##xide,1.0,0.6667,0.0043,0.0085
Mo,1.0,0.6667,0.0043,0.0085
sport,1.0,0.6667,0.0043,0.0085
##zach,1.0,0.6667,0.0043,0.0085
##ejné,1.0,0.6667,0.0043,0.0085
xe,1.0,0.6667,0.0043,0.0085
nou,1.0,0.6667,0.0043,0.0085
737,1.0,0.6667,0.0043,0.0085
rasi,1.0,0.6667,0.0043,0.0085
##udu,1.0,0.6667,0.0043,0.0085
nema,1.0,0.6667,0.0043,0.0085
Madrid,1.0,0.6667,0.0043,0.0085
legal,1.0,0.6667,0.0043,0.0085
##tka,1.0,0.6667,0.0043,0.0085
nový,1.0,0.6667,0.0043,0.0085
##tky,1.0,0.6667,0.0043,0.0085
##ecku,1.0,0.6667,0.0043,0.0085
##pá,1.0,0.6667,0.0043,0.0085
kartu,1.0,0.6667,0.0043,0.0085
kde,1.0,0.6667,0.0043,0.0085
##yje,1.0,0.6667,0.0043,0.0085
##uj,1.0,0.6667,0.0043,0.0085
##dar,1.0,0.6667,0.0043,0.0085
##duce,1.0,0.6667,0.0043,0.0085
##hala,1.0,0.6667,0.0043,0.0085
Boeing,1.0,0.6667,0.0043,0.0085
##áz,1.0,0.6667,0.0043,0.0085
městem,1.0,0.6667,0.0043,0.0085
automatic,1.0,0.6667,0.0043,0.0085
Sei,1.0,0.6667,0.0043,0.0085
##bul,1.0,0.6667,0.0043,0.0085
musí,1.0,0.6667,0.0043,0.0085
De,1.0,0.6667,0.0043,0.0085
Slovensku,1.0,0.6667,0.0043,0.0085
##jetí,1.0,0.6667,0.0043,0.0085
##ýsledky,1.0,0.6667,0.0043,0.0085
Carter,1.0,0.6667,0.0043,0.0085
##vati,1.0,0.6667,0.0043,0.0085
##bl,1.0,0.6667,0.0043,0.0085
unik,1.0,0.6667,0.0043,0.0085
##nat,1.0,0.6667,0.0043,0.0085
##az,1.0,0.6667,0.0043,0.0085
##ini,1.0,0.6667,0.0043,0.0085
Tara,1.0,0.6667,0.0043,0.0085
třídy,1.0,0.6667,0.0043,0.0085
července,1.0,0.6667,0.0043,0.0085
jehož,1.0,0.6667,0.0043,0.0085
povrchu,1.0,0.6667,0.0043,0.0085
##nci,1.0,0.6667,0.0043,0.0085
Bit,1.0,0.6667,0.0043,0.0085
##čil,1.0,0.6667,0.0043,0.0085
##tina,1.0,0.6667,0.0043,0.0085
##stic,1.0,0.6667,0.0043,0.0085
##rst,1.0,0.6667,0.0043,0.0085
art,1.0,0.6667,0.0043,0.0085
##cit,1.0,0.6667,0.0043,0.0085
400,1.0,0.6667,0.0043,0.0085
Rod,1.0,0.6667,0.0043,0.0085
2006,1.0,0.6667,0.0043,0.0085
##nů,1.0,0.6667,0.0043,0.0085
##ému,1.0,0.6667,0.0043,0.0085
tym,1.0,0.6667,0.0043,0.0085
##éra,1.0,0.6667,0.0043,0.0085
##unis,1.0,0.6667,0.0043,0.0085
starší,1.0,0.6667,0.0043,0.0085
##rska,1.0,0.6667,0.0043,0.0085
##zel,1.0,0.6667,0.0043,0.0085
ban,1.0,0.6667,0.0043,0.0085
1000,1.0,0.6667,0.0043,0.0085
##iče,1.0,0.6667,0.0043,0.0085
##lod,1.0,0.6667,0.0043,0.0085
##ůstal,1.0,0.6667,0.0043,0.0085
##řeny,1.0,0.6667,0.0043,0.0085
##řadu,1.0,0.6667,0.0043,0.0085
##ntino,1.0,0.6667,0.0043,0.0085
##nt,1.0,0.6667,0.0043,0.0085
##ych,0.9,0.6,0.0043,0.0085
státní,0.9,0.6,0.0043,0.0085
##obe,0.9,0.6,0.0043,0.0085
##ila,0.8,0.5333,0.0043,0.0085
##erg,0.8,0.5333,0.0043,0.0085
En,0.8,0.5333,0.0043,0.0085
tomto,0.85,0.55,0.0043,0.0085
2007,0.85,0.55,0.0043,0.0085
USA,0.7,0.4667,0.0043,0.0085
##rpa,0.7,0.4667,0.0043,0.0085
Zu,0.75,0.4833,0.0043,0.0085
##ár,0.75,0.4833,0.0043,0.0085
Sa,0.75,0.4833,0.0043,0.0085
motori,0.75,0.4833,0.0043,0.0085
##lou,0.75,0.4833,0.0043,0.0085
franco,0.7,0.4667,0.0043,0.0085
český,0.7,0.4667,0.0043,0.0085
##did,0.7,0.4667,0.0043,0.0085
##án,0.6,0.4,0.0043,0.0085
planet,0.65,0.4167,0.0043,0.0085
##uv,0.65,0.4167,0.0043,0.0085
%,0.7667,0.5,0.0043,0.0085
byli,0.7667,0.5,0.0043,0.0085
##ah,0.7,0.4333,0.0043,0.0085
##tali,0.7,0.4333,0.0043,0.0085
Latin,0.7,0.4333,0.0043,0.0085
##I,0.6667,0.4333,0.0043,0.0085
parlamentu,0.6667,0.4333,0.0043,0.0085
měla,0.6667,0.4333,0.0043,0.0085
##nc,0.6667,0.4333,0.0043,0.0085
##já,0.6667,0.4333,0.0043,0.0085
##er,0.6667,0.4333,0.0043,0.0085
boj,0.6,0.4,0.0043,0.0085
Viktor,0.6,0.3667,0.0043,0.0085
##skými,0.55,0.35,0.0043,0.0085
##jsk,0.55,0.35,0.0043,0.0085
##lez,0.5667,0.3667,0.0043,0.0085
mil,0.45,0.2833,0.0043,0.0085
##gro,0.6167,0.3833,0.0043,0.0085
##upil,0.6167,0.3833,0.0043,0.0085
##xi,0.6167,0.3833,0.0043,0.0085
##lavno,0.6167,0.3833,0.0043,0.0085
aby,0.4667,0.3,0.0043,0.0085
##in,0.55,0.3167,0.0043,0.0084
vody,0.55,0.3167,0.0043,0.0084
##zku,0.55,0.3167,0.0043,0.0084
civili,0.55,0.3167,0.0043,0.0084
##gu,0.55,0.3167,0.0043,0.0084
##oš,0.55,0.3167,0.0043,0.0084
vede,0.55,0.3167,0.0043,0.0084
všech,0.55,0.3167,0.0043,0.0084
západní,0.5167,0.3167,0.0043,0.0084
##íle,0.5167,0.3167,0.0043,0.0084
##nih,0.4667,0.3,0.0043,0.0084
D,0.575,0.375,0.0043,0.0084
##of,0.45,0.25,0.0043,0.0084
agent,0.45,0.25,0.0043,0.0084
##onal,0.5333,0.3333,0.0043,0.0084
##nská,0.5333,0.3333,0.0043,0.0084
##cho,0.4667,0.2667,0.0043,0.0084
SPD,0.4667,0.2667,0.0043,0.0084
banky,0.4667,0.2667,0.0043,0.0084
Hollywood,0.4,0.2,0.0043,0.0084
Velké,0.4,0.2,0.0043,0.0084
tv,0.55,0.35,0.0043,0.0084
referendum,0.9,0.6,0.0038,0.0077
afro,0.8,0.5333,0.0038,0.0077
##tup,0.8,0.5333,0.0038,0.0077
sur,0.8,0.5333,0.0038,0.0077
ide,0.8,0.5333,0.0038,0.0077
větší,0.7,0.4667,0.0038,0.0076
##jó,0.7,0.4667,0.0038,0.0076
##ré,0.7,0.4667,0.0038,0.0076
##tno,0.7,0.4667,0.0038,0.0076
Par,0.7,0.4667,0.0038,0.0076
pouze,0.7,0.4667,0.0038,0.0076
##dub,0.7,0.4667,0.0038,0.0076
Ho,0.75,0.4833,0.0038,0.0076
##zana,0.75,0.4833,0.0038,0.0076
cel,0.75,0.4833,0.0038,0.0076
##ěli,0.75,0.4833,0.0038,0.0076
cena,0.7,0.4667,0.0038,0.0076
##ovala,0.6,0.4,0.0038,0.0076
tech,0.6,0.4,0.0038,0.0076
##tné,0.6,0.4,0.0038,0.0076
ok,0.6,0.4,0.0038,0.0076
##rven,0.6,0.4,0.0038,0.0076
##kov,0.65,0.4167,0.0038,0.0076
##bro,0.65,0.4167,0.0038,0.0076
##eln,0.65,0.4167,0.0038,0.0076
##ads,0.65,0.4167,0.0038,0.0076
Mini,0.65,0.4167,0.0038,0.0076
##čných,0.65,0.4167,0.0038,0.0076
sed,0.6,0.4,0.0038,0.0076
Sport,0.6,0.4,0.0038,0.0076
##chodní,0.6,0.4,0.0038,0.0076
##rny,0.55,0.35,0.0038,0.0076
##ruz,0.55,0.35,0.0038,0.0076
##ski,0.55,0.35,0.0038,0.0076
24,0.55,0.35,0.0038,0.0076
##iky,0.6667,0.4333,0.0038,0.0076
##čnou,0.6667,0.4333,0.0038,0.0076
##eti,0.6,0.3667,0.0038,0.0076
Če,0.6,0.3667,0.0038,0.0076
české,0.6,0.3667,0.0038,0.0076
Michal,0.6,0.3667,0.0038,0.0076
##by,0.55,0.35,0.0038,0.0076
ún,0.5667,0.3667,0.0038,0.0076
##xo,0.5667,0.3667,0.0038,0.0076
##rdí,0.5667,0.3667,0.0038,0.0076
##čoval,0.5667,0.3667,0.0038,0.0076
host,0.5667,0.3667,0.0038,0.0076
##os,0.5667,0.3667,0.0038,0.0076
případě,0.5667,0.3667,0.0038,0.0076
stále,0.5667,0.3667,0.0038,0.0076
nen,0.5667,0.3667,0.0038,0.0076
##um,0.5,0.3,0.0038,0.0076
##dej,0.5,0.3,0.0038,0.0076
ur,0.5,0.3,0.0038,0.0076
##mo,0.4667,0.3,0.0038,0.0076
autobus,0.5167,0.3167,0.0038,0.0076
##ář,0.5167,0.3167,0.0038,0.0076
##erii,0.5167,0.3167,0.0038,0.0076
narodil,0.5167,0.3167,0.0038,0.0076
##ecký,0.5167,0.3167,0.0038,0.0076
##olu,0.5167,0.3167,0.0038,0.0076
##čit,0.5167,0.3167,0.0038,0.0076
##áce,0.5167,0.3167,0.0038,0.0076
##ele,0.4667,0.3,0.0038,0.0076
20,0.45,0.25,0.0038,0.0076
pop,0.4167,0.25,0.0038,0.0076
us,0.4333,0.2667,0.0038,0.0076
ti,0.3667,0.2,0.0038,0.0076
##bník,0.8,0.5333,0.0034,0.0068
tisíc,0.8,0.5333,0.0034,0.0068
Concorde,0.8,0.5333,0.0034,0.0068
##ková,0.8,0.5333,0.0034,0.0068
hlavně,0.8,0.5333,0.0034,0.0068
Pa,0.8,0.5333,0.0034,0.0068
##zvu,0.8,0.5333,0.0034,0.0068
ak,0.7,0.4667,0.0034,0.0068
kamp,0.7,0.4667,0.0034,0.0068
Ra,0.7,0.4667,0.0034,0.0068
##dek,0.7,0.4667,0.0034,0.0068
ani,0.7,0.4667,0.0034,0.0068
1989,0.6,0.4,0.0034,0.0068
##sle,0.6,0.4,0.0034,0.0068
Cameron,0.6,0.4,0.0034,0.0068
##tví,0.6,0.4,0.0034,0.0068
David,0.6,0.4,0.0034,0.0068
90,0.6,0.4,0.0034,0.0068
finále,0.65,0.4167,0.0034,0.0068
Angeles,0.65,0.4167,0.0034,0.0068
celé,0.65,0.4167,0.0034,0.0068
Milan,0.65,0.4167,0.0034,0.0068
##els,0.65,0.4167,0.0034,0.0068
amat,0.65,0.4167,0.0034,0.0068
126,0.65,0.4167,0.0034,0.0068
##go,0.65,0.4167,0.0034,0.0068
Fiat,0.65,0.4167,0.0034,0.0068
##ovým,0.65,0.4167,0.0034,0.0068
##ském,0.65,0.4167,0.0034,0.0068
Nest,0.6,0.4,0.0034,0.0068
Pokud,0.6,0.4,0.0034,0.0068
velké,0.55,0.35,0.0034,0.0068
metro,0.55,0.35,0.0034,0.0068
soutěži,0.55,0.35,0.0034,0.0068
##áků,0.55,0.35,0.0034,0.0068
##ulé,0.55,0.35,0.0034,0.0068
##nský,0.55,0.35,0.0034,0.0068
bývá,0.55,0.35,0.0034,0.0068
televizní,0.55,0.35,0.0034,0.0068
##zem,0.55,0.35,0.0034,0.0068
##halen,0.55,0.35,0.0034,0.0068
vlak,0.55,0.35,0.0034,0.0068
Ky,0.55,0.35,0.0034,0.0068
##žo,0.55,0.35,0.0034,0.0068
území,0.55,0.35,0.0034,0.0068
##nější,0.55,0.35,0.0034,0.0068
##re,0.55,0.35,0.0034,0.0068
skončila,0.55,0.35,0.0034,0.0068
##ij,0.55,0.35,0.0034,0.0068
##nem,0.55,0.35,0.0034,0.0068
##ící,0.55,0.35,0.0034,0.0068
##ed,0.5,0.3333,0.0034,0.0068
##oda,0.45,0.2833,0.0034,0.0068
Slovensko,0.45,0.2833,0.0034,0.0068
profesorem,0.5667,0.3667,0.0034,0.0068
och,0.5667,0.3667,0.0034,0.0068
filma,0.5667,0.3667,0.0034,0.0068
##isku,0.5667,0.3667,0.0034,0.0068
místní,0.5,0.3,0.0034,0.0068
##ši,0.5,0.3,0.0034,0.0068
Petr,0.5,0.3,0.0034,0.0068
2,0.5,0.3,0.0034,0.0068
##or,0.5,0.3,0.0034,0.0068
##mini,0.5,0.3,0.0034,0.0068
Buda,0.5,0.3,0.0034,0.0068
ex,0.5,0.3,0.0034,0.0068
##ství,0.5,0.3,0.0034,0.0068
bitvě,0.45,0.2833,0.0034,0.0068
hotel,0.4667,0.3,0.0034,0.0068
##let,0.4667,0.3,0.0034,0.0068
##lun,0.4667,0.3,0.0034,0.0068
##lan,0.4667,0.3,0.0034,0.0068
##bod,0.4,0.2333,0.0034,0.0068
##žuje,0.4,0.2333,0.0034,0.0068
##vic,0.4167,0.25,0.0034,0.0067
##čo,0.4167,0.25,0.0034,0.0067
společnosti,0.4167,0.25,0.0034,0.0067
svou,0.4167,0.25,0.0034,0.0067
Japon,0.375,0.2417,0.0034,0.0067
##ža,0.325,0.1917,0.0034,0.0067
##lk,0.7,0.4667,0.003,0.006
století,0.7,0.4667,0.003,0.006
##ala,0.7,0.4667,0.003,0.006
žádné,0.7,0.4667,0.003,0.006
##voje,0.7,0.4667,0.003,0.006
##ep,0.7,0.4667,0.003,0.006
##zy,0.7,0.4667,0.003,0.006
gi,0.7,0.4667,0.003,0.006
##gant,0.7,0.4667,0.003,0.006
vel,0.7,0.4667,0.003,0.006
##átých,0.7,0.4667,0.003,0.006
ps,0.7,0.4667,0.003,0.006
děti,0.7,0.4667,0.003,0.006
##oan,0.7,0.4667,0.003,0.006
##ens,0.7,0.4667,0.003,0.006
##hle,0.7,0.4667,0.003,0.006
##dido,0.7,0.4667,0.003,0.006
##oa,0.7,0.4667,0.003,0.006
ministra,0.7,0.4667,0.003,0.006
##nec,0.7,0.4667,0.003,0.006
##meri,0.7,0.4667,0.003,0.006
##čné,0.7,0.4667,0.003,0.006
##sla,0.7,0.4667,0.003,0.006
##čila,0.7,0.4667,0.003,0.006
##žské,0.6,0.4,0.003,0.006
##tná,0.6,0.4,0.003,0.006
problémy,0.6,0.4,0.003,0.006
Massachusetts,0.6,0.4,0.003,0.006
##tli,0.6,0.4,0.003,0.006
nemá,0.6,0.4,0.003,0.006
politic,0.6,0.4,0.003,0.006
podle,0.6,0.4,0.003,0.006
##čem,0.6,0.4,0.003,0.006
##dil,0.6,0.4,0.003,0.006
nek,0.6,0.4,0.003,0.006
##áni,0.6,0.4,0.003,0.006
##ací,0.6,0.4,0.003,0.006
##kce,0.6,0.4,0.003,0.006
##šil,0.6,0.4,0.003,0.006
##evo,0.6,0.4,0.003,0.006
armáda,0.5,0.3333,0.003,0.0059
##upa,0.5,0.3333,0.003,0.0059
##álních,0.5,0.3333,0.003,0.0059
##ogi,0.5,0.3333,0.003,0.0059
svůj,0.5,0.3333,0.003,0.0059
10000,0.5,0.3333,0.003,0.0059
existuje,0.5,0.3333,0.003,0.0059
tom,0.5,0.3333,0.003,0.0059
##čnost,0.5,0.3333,0.003,0.0059
ros,0.55,0.35,0.003,0.0059
činnost,0.55,0.35,0.003,0.0059
rámci,0.55,0.35,0.003,0.0059
##w,0.55,0.35,0.003,0.0059
spisovatel,0.55,0.35,0.003,0.0059
##arsku,0.55,0.35,0.003,0.0059
Christ,0.55,0.35,0.003,0.0059
##rt,0.55,0.35,0.003,0.0059
##ístup,0.55,0.35,0.003,0.0059
##jit,0.55,0.35,0.003,0.0059
tank,0.55,0.35,0.003,0.0059
republiky,0.55,0.35,0.003,0.0059
Fu,0.55,0.35,0.003,0.0059
##ler,0.55,0.35,0.003,0.0059
##yst,0.55,0.35,0.003,0.0059
##äng,0.55,0.35,0.003,0.0059
##ič,0.55,0.35,0.003,0.0059
Lu,0.55,0.35,0.003,0.0059
c,0.55,0.35,0.003,0.0059
70,0.55,0.35,0.003,0.0059
Jozef,0.55,0.35,0.003,0.0059
Ti,0.55,0.35,0.003,0.0059
druhou,0.55,0.35,0.003,0.0059
TOP,0.55,0.35,0.003,0.0059
##ie,0.55,0.35,0.003,0.0059
Nie,0.55,0.35,0.003,0.0059
##cist,0.55,0.35,0.003,0.0059
##der,0.55,0.35,0.003,0.0059
věku,0.55,0.35,0.003,0.0059
2002,0.55,0.35,0.003,0.0059
##elo,0.55,0.35,0.003,0.0059
poli,0.55,0.35,0.003,0.0059
##ung,0.55,0.35,0.003,0.0059
##átku,0.55,0.35,0.003,0.0059
##may,0.55,0.35,0.003,0.0059
nef,0.55,0.35,0.003,0.0059
##vila,0.55,0.35,0.003,0.0059
##átní,0.55,0.35,0.003,0.0059
posta,0.5,0.3333,0.003,0.0059
ale,0.5,0.3333,0.003,0.0059
která,0.45,0.2833,0.003,0.0059
##niční,0.45,0.2833,0.003,0.0059
##hra,0.45,0.2833,0.003,0.0059
##pl,0.45,0.2833,0.003,0.0059
##tino,0.45,0.2833,0.003,0.0059
##ií,0.45,0.2833,0.003,0.0059
##zích,0.45,0.2833,0.003,0.0059
##šti,0.45,0.2833,0.003,0.0059
to,0.45,0.2833,0.003,0.0059
##ená,0.4,0.2667,0.003,0.0059
Mezi,0.4667,0.3,0.003,0.0059
##bel,0.4667,0.3,0.003,0.0059
informa,0.4667,0.3,0.003,0.0059
##itel,0.4667,0.3,0.003,0.0059
##odů,0.4667,0.3,0.003,0.0059
go,0.4667,0.3,0.003,0.0059
strany,0.4,0.2333,0.003,0.0059
##ec,0.4,0.2333,0.003,0.0059
##adě,0.4,0.2333,0.003,0.0059
##hu,0.4,0.2333,0.003,0.0059
velkou,0.4,0.2333,0.003,0.0059
neo,0.4,0.2333,0.003,0.0059
byly,0.4,0.2333,0.003,0.0059
##hov,0.4,0.2333,0.003,0.0059
Mat,0.4,0.2333,0.003,0.0059
##sko,0.3667,0.2333,0.003,0.0059
##me,0.3667,0.2333,0.003,0.0059
##jevil,0.3667,0.2333,0.003,0.0059
městské,0.3667,0.2333,0.003,0.0059
##rně,0.3,0.1667,0.003,0.0059
##ska,0.3,0.1667,0.003,0.0059
##uno,0.3,0.1667,0.003,0.0059
115,0.3,0.1667,0.003,0.0059
řízení,0.3,0.1667,0.003,0.0059
ly,0.3167,0.1833,0.003,0.0059
1973,0.3167,0.1833,0.003,0.0059
význam,0.25,0.1167,0.003,0.0059
##voj,0.25,0.1167,0.003,0.0059
Pl,0.6,0.4,0.0026,0.0051
Při,0.6,0.4,0.0026,0.0051
##zené,0.6,0.4,0.0026,0.0051
##plot,0.6,0.4,0.0026,0.0051
##del,0.6,0.4,0.0026,0.0051
Associated,0.6,0.4,0.0026,0.0051
Press,0.6,0.4,0.0026,0.0051
##lové,0.6,0.4,0.0026,0.0051
##chu,0.6,0.4,0.0026,0.0051
##x,0.6,0.4,0.0026,0.0051
##xe,0.6,0.4,0.0026,0.0051
##mez,0.6,0.4,0.0026,0.0051
##istic,0.6,0.4,0.0026,0.0051
skupiny,0.6,0.4,0.0026,0.0051
The,0.6,0.4,0.0026,0.0051
##ús,0.6,0.4,0.0026,0.0051
##šné,0.6,0.4,0.0026,0.0051
##nek,0.6,0.4,0.0026,0.0051
##ul,0.6,0.4,0.0026,0.0051
ledna,0.6,0.4,0.0026,0.0051
##vede,0.6,0.4,0.0026,0.0051
18,0.6,0.4,0.0026,0.0051
Hans,0.6,0.4,0.0026,0.0051
##hů,0.6,0.4,0.0026,0.0051
##tn,0.6,0.4,0.0026,0.0051
##činy,0.6,0.4,0.0026,0.0051
Karel,0.6,0.4,0.0026,0.0051
lik,0.6,0.4,0.0026,0.0051
##vida,0.6,0.4,0.0026,0.0051
##aji,0.5,0.3333,0.0026,0.0051
##ena,0.5,0.3333,0.0026,0.0051
##aly,0.5,0.3333,0.0026,0.0051
##éka,0.5,0.3333,0.0026,0.0051
patří,0.5,0.3333,0.0026,0.0051
není,0.5,0.3333,0.0026,0.0051
##žel,0.5,0.3333,0.0026,0.0051
Hole,0.5,0.3333,0.0026,0.0051
##čni,0.5,0.3333,0.0026,0.0051
##pad,0.5,0.3333,0.0026,0.0051
1992,0.5,0.3333,0.0026,0.0051
##xic,0.5,0.3333,0.0026,0.0051
13,0.5,0.3333,0.0026,0.0051
##ást,0.5,0.3333,0.0026,0.0051
##pos,0.5,0.3333,0.0026,0.0051
Brit,0.5,0.3333,0.0026,0.0051
##eon,0.5,0.3333,0.0026,0.0051
fire,0.5,0.3333,0.0026,0.0051
Evropě,0.5,0.3333,0.0026,0.0051
##nance,0.5,0.3333,0.0026,0.0051
##etu,0.5,0.3333,0.0026,0.0051
Firma,0.5,0.3333,0.0026,0.0051
komun,0.4,0.2667,0.0026,0.0051
##sed,0.4,0.2667,0.0026,0.0051
sous,0.4,0.2667,0.0026,0.0051
str,0.4,0.2667,0.0026,0.0051
ha,0.4,0.2667,0.0026,0.0051
##ize,0.45,0.2833,0.0026,0.0051
##ári,0.45,0.2833,0.0026,0.0051
##nd,0.45,0.2833,0.0026,0.0051
Kale,0.45,0.2833,0.0026,0.0051
##ran,0.45,0.2833,0.0026,0.0051
tlak,0.45,0.2833,0.0026,0.0051
##nání,0.45,0.2833,0.0026,0.0051
##čili,0.45,0.2833,0.0026,0.0051
Richard,0.45,0.2833,0.0026,0.0051
republika,0.45,0.2833,0.0026,0.0051
rep,0.45,0.2833,0.0026,0.0051
##kým,0.45,0.2833,0.0026,0.0051
svo,0.45,0.2833,0.0026,0.0051
##ány,0.45,0.2833,0.0026,0.0051
##ublik,0.45,0.2833,0.0026,0.0051
##obě,0.45,0.2833,0.0026,0.0051
##žitosti,0.45,0.2833,0.0026,0.0051
##cel,0.45,0.2833,0.0026,0.0051
mand,0.45,0.2833,0.0026,0.0051
Sen,0.45,0.2833,0.0026,0.0051
##oben,0.45,0.2833,0.0026,0.0051
##raven,0.45,0.2833,0.0026,0.0051
jazyk,0.45,0.2833,0.0026,0.0051
dvě,0.35,0.2167,0.0026,0.0051
Jason,0.35,0.2167,0.0026,0.0051
##bii,0.35,0.2167,0.0026,0.0051
Reza,0.35,0.2167,0.0026,0.0051
vrátil,0.3667,0.2333,0.0026,0.0051
##žu,0.3667,0.2333,0.0026,0.0051
##lem,0.3667,0.2333,0.0026,0.0051
##ška,0.3,0.1667,0.0026,0.0051
Von,0.3,0.1667,0.0026,0.0051
Kromě,0.3,0.1667,0.0026,0.0051
##ými,0.3,0.1667,0.0026,0.0051
Ros,0.3,0.1667,0.0026,0.0051
##tis,0.3,0.1667,0.0026,0.0051
##dru,0.3,0.1667,0.0026,0.0051
jako,0.3,0.1667,0.0026,0.0051
##ckého,0.3,0.1667,0.0026,0.0051
##pek,0.3,0.1667,0.0026,0.0051
##uru,0.5,0.3333,0.0021,0.0043
Houghton,0.5,0.3333,0.0021,0.0043
pal,0.5,0.3333,0.0021,0.0043
počas,0.5,0.3333,0.0021,0.0043
##hn,0.5,0.3333,0.0021,0.0043
pi,0.5,0.3333,0.0021,0.0043
##én,0.5,0.3333,0.0021,0.0043
počet,0.5,0.3333,0.0021,0.0043
Gut,0.5,0.3333,0.0021,0.0043
##nár,0.5,0.3333,0.0021,0.0043
##tech,0.5,0.3333,0.0021,0.0043
boje,0.5,0.3333,0.0021,0.0043
podařilo,0.5,0.3333,0.0021,0.0043
hra,0.5,0.3333,0.0021,0.0043
bank,0.5,0.3333,0.0021,0.0043
human,0.5,0.3333,0.0021,0.0043
##nsku,0.5,0.3333,0.0021,0.0043
ig,0.5,0.3333,0.0021,0.0043
Im,0.5,0.3333,0.0021,0.0043
##puls,0.5,0.3333,0.0021,0.0043
Só,0.5,0.3333,0.0021,0.0043
Is,0.5,0.3333,0.0021,0.0043
Nadal,0.5,0.3333,0.0021,0.0043
##ds,0.5,0.3333,0.0021,0.0043
energie,0.5,0.3333,0.0021,0.0043
##dl,0.5,0.3333,0.0021,0.0043
##diu,0.5,0.3333,0.0021,0.0043
##rk,0.5,0.3333,0.0021,0.0043
dom,0.5,0.3333,0.0021,0.0043
##di,0.5,0.3333,0.0021,0.0043
zemi,0.5,0.3333,0.0021,0.0043
Poul,0.5,0.3333,0.0021,0.0043
##dem,0.5,0.3333,0.0021,0.0043
##ro,0.5,0.3333,0.0021,0.0043
finsk,0.5,0.3333,0.0021,0.0043
Rekord,0.5,0.3333,0.0021,0.0043
##vr,0.5,0.3333,0.0021,0.0043
##zov,0.5,0.3333,0.0021,0.0043
##ovna,0.5,0.3333,0.0021,0.0043
##erre,0.5,0.3333,0.0021,0.0043
##rok,0.5,0.3333,0.0021,0.0043
##chodu,0.5,0.3333,0.0021,0.0043
Ú,0.5,0.3333,0.0021,0.0043
fr,0.5,0.3333,0.0021,0.0043
oproti,0.5,0.3333,0.0021,0.0043
##ánie,0.5,0.3333,0.0021,0.0043
John,0.5,0.3333,0.0021,0.0043
##ffa,0.5,0.3333,0.0021,0.0043
vliv,0.5,0.3333,0.0021,0.0043
##buje,0.5,0.3333,0.0021,0.0043
Spor,0.5,0.3333,0.0021,0.0043
##ven,0.5,0.3333,0.0021,0.0043
##jší,0.5,0.3333,0.0021,0.0043
António,0.5,0.3333,0.0021,0.0043
sm,0.5,0.3333,0.0021,0.0043
##kti,0.5,0.3333,0.0021,0.0043
slovenský,0.5,0.3333,0.0021,0.0043
##mus,0.5,0.3333,0.0021,0.0043
##it,0.5,0.3333,0.0021,0.0043
##méně,0.5,0.3333,0.0021,0.0043
09,0.5,0.3333,0.0021,0.0043
##kaj,0.5,0.3333,0.0021,0.0043
Boleslav,0.5,0.3333,0.0021,0.0043
##žené,0.5,0.3333,0.0021,0.0043
1775,0.5,0.3333,0.0021,0.0043
miz,0.5,0.3333,0.0021,0.0043
##ndu,0.5,0.3333,0.0021,0.0043
Bush,0.5,0.3333,0.0021,0.0043
2009,0.5,0.3333,0.0021,0.0043
##lado,0.5,0.3333,0.0021,0.0043
##nic,0.5,0.3333,0.0021,0.0043
##ětí,0.5,0.3333,0.0021,0.0043
jedná,0.5,0.3333,0.0021,0.0043
světě,0.5,0.3333,0.0021,0.0043
14,0.5,0.3333,0.0021,0.0043
1997,0.5,0.3333,0.0021,0.0043
tun,0.5,0.3333,0.0021,0.0043
##iti,0.5,0.3333,0.0021,0.0043
kandidat,0.5,0.3333,0.0021,0.0043
##nor,0.5,0.3333,0.0021,0.0043
##iva,0.5,0.3333,0.0021,0.0043
května,0.5,0.3333,0.0021,0.0043
1919,0.5,0.3333,0.0021,0.0043
kana,0.5,0.3333,0.0021,0.0043
Diva,0.5,0.3333,0.0021,0.0043
##gor,0.4,0.2667,0.0021,0.0042
rede,0.4,0.2667,0.0021,0.0042
zemí,0.4,0.2667,0.0021,0.0042
Polska,0.4,0.2667,0.0021,0.0042
trad,0.4,0.2667,0.0021,0.0042
##tinent,0.4,0.2667,0.0021,0.0042
celkem,0.4,0.2667,0.0021,0.0042
##skou,0.4,0.2667,0.0021,0.0042
##jd,0.4,0.2667,0.0021,0.0042
uk,0.4,0.2667,0.0021,0.0042
transport,0.4,0.2667,0.0021,0.0042
poblíž,0.4,0.2667,0.0021,0.0042
Autor,0.4,0.2667,0.0021,0.0042
##ión,0.4,0.2667,0.0021,0.0042
Ar,0.4,0.2667,0.0021,0.0042
Let,0.4,0.2667,0.0021,0.0042
##vuje,0.4,0.2667,0.0021,0.0042
##rah,0.4,0.2667,0.0021,0.0042
dále,0.4,0.2667,0.0021,0.0042
ce,0.4,0.2667,0.0021,0.0042
Marathon,0.4,0.2667,0.0021,0.0042
audio,0.4,0.2667,0.0021,0.0042
F,0.4,0.2667,0.0021,0.0042
##říž,0.4,0.2667,0.0021,0.0042
objekt,0.4,0.2667,0.0021,0.0042
člen,0.4,0.2667,0.0021,0.0042
##da,0.4,0.2667,0.0021,0.0042
##ici,0.4,0.2667,0.0021,0.0042
##vol,0.4,0.2667,0.0021,0.0042
členů,0.4,0.2667,0.0021,0.0042
##jící,0.4,0.2667,0.0021,0.0042
##iard,0.4,0.2667,0.0021,0.0042
instal,0.4,0.2667,0.0021,0.0042
Expo,0.4,0.2667,0.0021,0.0042
Nos,0.3,0.2,0.0021,0.0042
Nikolaj,0.3,0.2,0.0021,0.0042
##tek,0.3,0.2,0.0021,0.0042
še,0.3,0.2,0.0021,0.0042
##štění,0.35,0.2167,0.0021,0.0042
##jn,0.35,0.2167,0.0021,0.0042
Parlament,0.35,0.2167,0.0021,0.0042
##uc,0.35,0.2167,0.0021,0.0042
##lova,0.35,0.2167,0.0021,0.0042
Rusko,0.35,0.2167,0.0021,0.0042
##čným,0.35,0.2167,0.0021,0.0042
##risti,0.35,0.2167,0.0021,0.0042
##avo,0.35,0.2167,0.0021,0.0042
##žování,0.35,0.2167,0.0021,0.0042
armády,0.35,0.2167,0.0021,0.0042
##stan,0.35,0.2167,0.0021,0.0042
##žit,0.35,0.2167,0.0021,0.0042
##tero,0.35,0.2167,0.0021,0.0042
amerického,0.35,0.2167,0.0021,0.0042
pa,0.35,0.2167,0.0021,0.0042
Nová,0.35,0.2167,0.0021,0.0042
##pol,0.35,0.2167,0.0021,0.0042
zámku,0.35,0.2167,0.0021,0.0042
cestu,0.35,0.2167,0.0021,0.0042
pre,0.35,0.2167,0.0021,0.0042
Chile,0.35,0.2167,0.0021,0.0042
##yramid,0.35,0.2167,0.0021,0.0042
##vs,0.35,0.2167,0.0021,0.0042
##azil,0.35,0.2167,0.0021,0.0042
auto,0.35,0.2167,0.0021,0.0042
##ární,0.35,0.2167,0.0021,0.0042
##nku,0.35,0.2167,0.0021,0.0042
##kci,0.35,0.2167,0.0021,0.0042
##fere,0.35,0.2167,0.0021,0.0042
##ely,0.3,0.2,0.0021,0.0042
2020,0.3,0.2,0.0021,0.0042
Parc,0.3,0.2,0.0021,0.0042
Group,0.3,0.2,0.0021,0.0042
Charles,0.25,0.15,0.0021,0.0042
jeho,0.2667,0.1667,0.0021,0.0042
situa,0.2,0.1,0.0021,0.0042
##ity,0.2,0.1,0.0021,0.0042
##bami,0.4,0.2667,0.0017,0.0034
malý,0.4,0.2667,0.0017,0.0034
##pora,0.4,0.2667,0.0017,0.0034
Sulawesi,0.4,0.2667,0.0017,0.0034
##ment,0.4,0.2667,0.0017,0.0034
New,0.4,0.2667,0.0017,0.0034
aktiv,0.4,0.2667,0.0017,0.0034
SD,0.4,0.2667,0.0017,0.0034
##eckého,0.4,0.2667,0.0017,0.0034
##pu,0.4,0.2667,0.0017,0.0034
men,0.4,0.2667,0.0017,0.0034
##šina,0.4,0.2667,0.0017,0.0034
##pán,0.4,0.2667,0.0017,0.0034
port,0.4,0.2667,0.0017,0.0034
##rpen,0.4,0.2667,0.0017,0.0034
##kých,0.4,0.2667,0.0017,0.0034
##jiny,0.4,0.2667,0.0017,0.0034
sta,0.4,0.2667,0.0017,0.0034
dobře,0.4,0.2667,0.0017,0.0034
##žší,0.4,0.2667,0.0017,0.0034
##řuje,0.4,0.2667,0.0017,0.0034
domů,0.4,0.2667,0.0017,0.0034
80,0.4,0.2667,0.0017,0.0034
##jena,0.4,0.2667,0.0017,0.0034
##řit,0.4,0.2667,0.0017,0.0034
##vár,0.4,0.2667,0.0017,0.0034
##an,0.4,0.2667,0.0017,0.0034
##rol,0.4,0.2667,0.0017,0.0034
XVI,0.4,0.2667,0.0017,0.0034
Čech,0.4,0.2667,0.0017,0.0034
##lka,0.4,0.2667,0.0017,0.0034
##vedena,0.4,0.2667,0.0017,0.0034
zhruba,0.4,0.2667,0.0017,0.0034
##řen,0.4,0.2667,0.0017,0.0034
student,0.4,0.2667,0.0017,0.0034
Perl,0.4,0.2667,0.0017,0.0034
##žívá,0.4,0.2667,0.0017,0.0034
##vém,0.4,0.2667,0.0017,0.0034
##udi,0.4,0.2667,0.0017,0.0034
##lán,0.4,0.2667,0.0017,0.0034
systému,0.4,0.2667,0.0017,0.0034
##kat,0.4,0.2667,0.0017,0.0034
utkání,0.4,0.2667,0.0017,0.0034
##dova,0.4,0.2667,0.0017,0.0034
2004,0.4,0.2667,0.0017,0.0034
##do,0.4,0.2667,0.0017,0.0034
době,0.4,0.2667,0.0017,0.0034
založen,0.4,0.2667,0.0017,0.0034
##tým,0.4,0.2667,0.0017,0.0034
ae,0.4,0.2667,0.0017,0.0034
obraz,0.4,0.2667,0.0017,0.0034
drama,0.4,0.2667,0.0017,0.0034
176,0.4,0.2667,0.0017,0.0034
prav,0.4,0.2667,0.0017,0.0034
státy,0.4,0.2667,0.0017,0.0034
slov,0.4,0.2667,0.0017,0.0034
##ehr,0.4,0.2667,0.0017,0.0034
jeden,0.4,0.2667,0.0017,0.0034
sezóně,0.4,0.2667,0.0017,0.0034
##ily,0.4,0.2667,0.0017,0.0034
univerzitě,0.4,0.2667,0.0017,0.0034
##tin,0.4,0.2667,0.0017,0.0034
sen,0.4,0.2667,0.0017,0.0034
sob,0.4,0.2667,0.0017,0.0034
##oke,0.4,0.2667,0.0017,0.0034
hava,0.4,0.2667,0.0017,0.0034
##oli,0.4,0.2667,0.0017,0.0034
##ink,0.4,0.2667,0.0017,0.0034
vis,0.4,0.2667,0.0017,0.0034
##ině,0.4,0.2667,0.0017,0.0034
jen,0.4,0.2667,0.0017,0.0034
##čený,0.4,0.2667,0.0017,0.0034
summit,0.4,0.2667,0.0017,0.0034
Ji,0.4,0.2667,0.0017,0.0034
Bo,0.4,0.2667,0.0017,0.0034
Texas,0.4,0.2667,0.0017,0.0034
jin,0.4,0.2667,0.0017,0.0034
autor,0.4,0.2667,0.0017,0.0034
##niku,0.4,0.2667,0.0017,0.0034
napad,0.4,0.2667,0.0017,0.0034
hos,0.4,0.2667,0.0017,0.0034
##ód,0.4,0.2667,0.0017,0.0034
##ido,0.4,0.2667,0.0017,0.0034
##id,0.4,0.2667,0.0017,0.0034
##noval,0.4,0.2667,0.0017,0.0034
##7,0.4,0.2667,0.0017,0.0034
##ijs,0.4,0.2667,0.0017,0.0034
Facebook,0.4,0.2667,0.0017,0.0034
islam,0.4,0.2667,0.0017,0.0034
##ím,0.4,0.2667,0.0017,0.0034
bodů,0.4,0.2667,0.0017,0.0034
##nko,0.4,0.2667,0.0017,0.0034
hou,0.4,0.2667,0.0017,0.0034
skončil,0.4,0.2667,0.0017,0.0034
Gand,0.4,0.2667,0.0017,0.0034
##hon,0.4,0.2667,0.0017,0.0034
Chr,0.4,0.2667,0.0017,0.0034
##hoda,0.4,0.2667,0.0017,0.0034
místě,0.4,0.2667,0.0017,0.0034
Hampshire,0.4,0.2667,0.0017,0.0034
nama,0.4,0.2667,0.0017,0.0034
##áns,0.4,0.2667,0.0017,0.0034
nebyla,0.4,0.2667,0.0017,0.0034
Šv,0.4,0.2667,0.0017,0.0034
##itou,0.4,0.2667,0.0017,0.0034
Medi,0.4,0.2667,0.0017,0.0034
##pada,0.4,0.2667,0.0017,0.0034
##šni,0.4,0.2667,0.0017,0.0034
##slim,0.4,0.2667,0.0017,0.0034
##paro,0.4,0.2667,0.0017,0.0034
##ismus,0.4,0.2667,0.0017,0.0034
kariéru,0.4,0.2667,0.0017,0.0034
Tatra,0.4,0.2667,0.0017,0.0034
##ovní,0.4,0.2667,0.0017,0.0034
rod,0.4,0.2667,0.0017,0.0034
rok,0.4,0.2667,0.0017,0.0034
firm,0.4,0.2667,0.0017,0.0034
##ovaly,0.4,0.2667,0.0017,0.0034
##elé,0.4,0.2667,0.0017,0.0034
##zó,0.4,0.2667,0.0017,0.0034
Benedikt,0.4,0.2667,0.0017,0.0034
Abe,0.4,0.2667,0.0017,0.0034
fond,0.4,0.2667,0.0017,0.0034
##otu,0.4,0.2667,0.0017,0.0034
##tické,0.4,0.2667,0.0017,0.0034
##ženo,0.4,0.2667,0.0017,0.0034
##zan,0.4,0.2667,0.0017,0.0034
##trat,0.4,0.2667,0.0017,0.0034
funkci,0.4,0.2667,0.0017,0.0034
##ez,0.4,0.2667,0.0017,0.0034
##ela,0.4,0.2667,0.0017,0.0034
##osti,0.4,0.2667,0.0017,0.0034
##unu,0.4,0.2667,0.0017,0.0034
##ian,0.3,0.2,0.0017,0.0034
Akademie,0.3,0.2,0.0017,0.0034
##b,0.3,0.2,0.0017,0.0034
červnu,0.3,0.2,0.0017,0.0034
##rose,0.3,0.2,0.0017,0.0034
Velká,0.3,0.2,0.0017,0.0034
##ický,0.3,0.2,0.0017,0.0034
##elem,0.3,0.2,0.0017,0.0034
##agan,0.3,0.2,0.0017,0.0034
##ických,0.3,0.2,0.0017,0.0034
státu,0.3,0.2,0.0017,0.0034
##padku,0.3,0.2,0.0017,0.0034
##žní,0.3,0.2,0.0017,0.0034
nar,0.3,0.2,0.0017,0.0034
g,0.3,0.2,0.0017,0.0034
##dice,0.3,0.2,0.0017,0.0034
##čen,0.3,0.2,0.0017,0.0034
##rno,0.3,0.2,0.0017,0.0034
Op,0.3,0.2,0.0017,0.0034
##čně,0.3,0.2,0.0017,0.0034
##ěr,0.3,0.2,0.0017,0.0034
hodin,0.3,0.2,0.0017,0.0034
##šské,0.3,0.2,0.0017,0.0034
##tele,0.3,0.2,0.0017,0.0034
Tra,0.3,0.2,0.0017,0.0034
##jících,0.25,0.15,0.0017,0.0034
##lavo,0.25,0.15,0.0017,0.0034
parlament,0.25,0.15,0.0017,0.0034
##stave,0.25,0.15,0.0017,0.0034
Johannesburg,0.25,0.15,0.0017,0.0034
jim,0.25,0.15,0.0017,0.0034
Lys,0.25,0.15,0.0017,0.0034
opět,0.25,0.15,0.0017,0.0034
em,0.25,0.15,0.0017,0.0034
##eb,0.25,0.15,0.0017,0.0034
##ahu,0.25,0.15,0.0017,0.0034
##mobil,0.25,0.15,0.0017,0.0034
##zul,0.25,0.15,0.0017,0.0034
Kap,0.25,0.15,0.0017,0.0034
##K,0.25,0.15,0.0017,0.0034
##rij,0.25,0.15,0.0017,0.0034
##enko,0.25,0.15,0.0017,0.0034
And,0.25,0.15,0.0017,0.0034
dor,0.25,0.15,0.0017,0.0034
kontrol,0.25,0.15,0.0017,0.0034
##řední,0.25,0.15,0.0017,0.0034
##daj,0.25,0.15,0.0017,0.0034
##kos,0.25,0.15,0.0017,0.0034
smrt,0.25,0.15,0.0017,0.0034
##šek,0.25,0.15,0.0017,0.0034
##rsk,0.25,0.15,0.0017,0.0034
##hr,0.25,0.15,0.0017,0.0034
##jst,0.25,0.15,0.0017,0.0034
##ró,0.1667,0.1,0.0017,0.0034
##iz,0.1667,0.1,0.0017,0.0034
##umi,0.1667,0.1,0.0017,0.0034
##pla,0.1667,0.1,0.0017,0.0034
##lsk,0.1,0.0333,0.0017,0.0034
pomocí,0.3,0.2,0.0013,0.0026
tab,0.3,0.2,0.0013,0.0026
bl,0.3,0.2,0.0013,0.0026
list,0.3,0.2,0.0013,0.0026
politice,0.3,0.2,0.0013,0.0026
systém,0.3,0.2,0.0013,0.0026
technologie,0.3,0.2,0.0013,0.0026
bomb,0.3,0.2,0.0013,0.0026
částečně,0.3,0.2,0.0013,0.0026
svým,0.3,0.2,0.0013,0.0026
pone,0.3,0.2,0.0013,0.0026
pond,0.3,0.2,0.0013,0.0026
lze,0.3,0.2,0.0013,0.0026
celou,0.3,0.2,0.0013,0.0026
světa,0.3,0.2,0.0013,0.0026
kn,0.3,0.2,0.0013,0.0026
června,0.3,0.2,0.0013,0.0026
global,0.3,0.2,0.0013,0.0026
et,0.3,0.2,0.0013,0.0026
nic,0.3,0.2,0.0013,0.0026
festivalu,0.3,0.2,0.0013,0.0026
nejlepší,0.3,0.2,0.0013,0.0026
většina,0.3,0.2,0.0013,0.0026
restauro,0.3,0.2,0.0013,0.0026
součástí,0.3,0.2,0.0013,0.0026
vznikl,0.3,0.2,0.0013,0.0026
mis,0.3,0.2,0.0013,0.0026
jižní,0.3,0.2,0.0013,0.0026
vysoké,0.3,0.2,0.0013,0.0026
nat,0.3,0.2,0.0013,0.0026
nas,0.3,0.2,0.0013,0.0026
napsal,0.3,0.2,0.0013,0.0026
vin,0.3,0.2,0.0013,0.0026
kat,0.3,0.2,0.0013,0.0026
vid,0.3,0.2,0.0013,0.0026
hlavní,0.3,0.2,0.0013,0.0026
sest,0.3,0.2,0.0013,0.0026
mont,0.3,0.2,0.0013,0.0026
sh,0.3,0.2,0.0013,0.0026
ja,0.3,0.2,0.0013,0.0026
místa,0.3,0.2,0.0013,0.0026
j,0.3,0.2,0.0013,0.0026
iz,0.3,0.2,0.0013,0.0026
hranice,0.3,0.2,0.0013,0.0026
málo,0.3,0.2,0.0013,0.0026
skupina,0.3,0.2,0.0013,0.0026
institut,0.3,0.2,0.0013,0.0026
slo,0.3,0.2,0.0013,0.0026
rad,0.3,0.2,0.0013,0.0026
e,0.3,0.2,0.0013,0.0026
pozici,0.3,0.2,0.0013,0.0026
znovu,0.3,0.2,0.0013,0.0026
centra,0.3,0.2,0.0013,0.0026
tek,0.3,0.2,0.0013,0.0026
centru,0.3,0.2,0.0013,0.0026
centrum,0.3,0.2,0.0013,0.0026
čele,0.3,0.2,0.0013,0.0026
osam,0.3,0.2,0.0013,0.0026
cílem,0.3,0.2,0.0013,0.0026
církve,0.3,0.2,0.0013,0.0026
organizace,0.3,0.2,0.0013,0.0026
odc,0.3,0.2,0.0013,0.0026
mas,0.3,0.2,0.0013,0.0026
studia,0.3,0.2,0.0013,0.0026
disk,0.3,0.2,0.0013,0.0026
studenti,0.3,0.2,0.0013,0.0026
kraj,0.3,0.2,0.0013,0.0026
návrh,0.3,0.2,0.0013,0.0026
produk,0.3,0.2,0.0013,0.0026
titul,0.3,0.2,0.0013,0.0026
německé,0.3,0.2,0.0013,0.0026
dosta,0.3,0.2,0.0013,0.0026
komo,0.3,0.2,0.0013,0.0026
něm,0.3,0.2,0.0013,0.0026
něj,0.3,0.2,0.0013,0.0026
zejména,0.3,0.2,0.0013,0.0026
prostor,0.3,0.2,0.0013,0.0026
zbyt,0.3,0.2,0.0013,0.0026
komen,0.3,0.2,0.0013,0.0026
kin,0.3,0.2,0.0013,0.0026
díky,0.3,0.2,0.0013,0.0026
zahrnuje,0.3,0.2,0.0013,0.0026
symbol,0.3,0.2,0.0013,0.0026
"""",0.3,0.2,0.0013,0.0026
##váno,0.3,0.2,0.0013,0.0026
##stes,0.3,0.2,0.0013,0.0026
##tec,0.3,0.2,0.0013,0.0026
Ex,0.3,0.2,0.0013,0.0026
##kiem,0.3,0.2,0.0013,0.0026
##éta,0.3,0.2,0.0013,0.0026
Dne,0.3,0.2,0.0013,0.0026
##stik,0.3,0.2,0.0013,0.0026
Denver,0.3,0.2,0.0013,0.0026
##kládá,0.3,0.2,0.0013,0.0026
##ko,0.3,0.2,0.0013,0.0026
Damon,0.3,0.2,0.0013,0.0026
Chor,0.3,0.2,0.0013,0.0026
Ch,0.3,0.2,0.0013,0.0026
##kup,0.3,0.2,0.0013,0.0026
##tom,0.3,0.2,0.0013,0.0026
Během,0.3,0.2,0.0013,0.0026
Bud,0.3,0.2,0.0013,0.0026
Britney,0.3,0.2,0.0013,0.0026
Bog,0.3,0.2,0.0013,0.0026
Bill,0.3,0.2,0.0013,0.0026
Bez,0.3,0.2,0.0013,0.0026
##lement,0.3,0.2,0.0013,0.0026
Be,0.3,0.2,0.0013,0.0026
Bab,0.3,0.2,0.0013,0.0026
##ývají,0.3,0.2,0.0013,0.0026
Arm,0.3,0.2,0.0013,0.0026
##ývá,0.3,0.2,0.0013,0.0026
##jně,0.3,0.2,0.0013,0.0026
Festival,0.3,0.2,0.0013,0.0026
##jil,0.3,0.2,0.0013,0.0026
##jet,0.3,0.2,0.0013,0.0026
##ide,0.3,0.2,0.0013,0.0026
##ih,0.3,0.2,0.0013,0.0026
##ilu,0.3,0.2,0.0013,0.0026
Kata,0.3,0.2,0.0013,0.0026
Karlovy,0.3,0.2,0.0013,0.0026
##ina,0.3,0.2,0.0013,0.0026
Jemen,0.3,0.2,0.0013,0.0026
##ins,0.3,0.2,0.0013,0.0026
##inska,0.3,0.2,0.0013,0.0026
##ipe,0.3,0.2,0.0013,0.0026
##ása,0.3,0.2,0.0013,0.0026
Jako,0.3,0.2,0.0013,0.0026
##tik,0.3,0.2,0.0013,0.0026
##áva,0.3,0.2,0.0013,0.0026
##šli,0.3,0.2,0.0013,0.0026
Hilton,0.3,0.2,0.0013,0.0026
Here,0.3,0.2,0.0013,0.0026
##ito,0.3,0.2,0.0013,0.0026
Hava,0.3,0.2,0.0013,0.0026
##itě,0.3,0.2,0.0013,0.0026
Guardian,0.3,0.2,0.0013,0.0026
##ází,0.3,0.2,0.0013,0.0026
Frankfurt,0.3,0.2,0.0013,0.0026
##áček,0.3,0.2,0.0013,0.0026
##jelo,0.3,0.2,0.0013,0.0026
Andrej,0.3,0.2,0.0013,0.0026
##lok,0.3,0.2,0.0013,0.0026
Afrik,0.3,0.2,0.0013,0.0026
##níka,0.3,0.2,0.0013,0.0026
##obi,0.3,0.2,0.0013,0.0026
##odu,0.3,0.2,0.0013,0.0026
##poli,0.3,0.2,0.0013,0.0026
##oje,0.3,0.2,0.0013,0.0026
160,0.3,0.2,0.0013,0.0026
151,0.3,0.2,0.0013,0.0026
12,0.3,0.2,0.0013,0.0026
##řilo,0.3,0.2,0.0013,0.0026
##plo,0.3,0.2,0.0013,0.0026
##říže,0.3,0.2,0.0013,0.0026
##žně,0.3,0.2,0.0013,0.0026
##pisu,0.3,0.2,0.0013,0.0026
##ory,0.3,0.2,0.0013,0.0026
##osta,0.3,0.2,0.0013,0.0026
##ous,0.3,0.2,0.0013,0.0026
##žil,0.3,0.2,0.0013,0.0026
##žení,0.3,0.2,0.0013,0.0026
##šichni,0.3,0.2,0.0013,0.0026
##očina,0.3,0.2,0.0013,0.0026
##oče,0.3,0.2,0.0013,0.0026
##0,0.3,0.2,0.0013,0.0026
##šu,0.3,0.2,0.0013,0.0026
##škem,0.3,0.2,0.0013,0.0026
##ovský,0.3,0.2,0.0013,0.0026
##ško,0.3,0.2,0.0013,0.0026
1900,0.3,0.2,0.0013,0.0026
##ném,0.3,0.2,0.0013,0.0026
Af,0.3,0.2,0.0013,0.0026
1960,0.3,0.2,0.0013,0.0026
75,0.3,0.2,0.0013,0.0026
##lor,0.3,0.2,0.0013,0.0026
##sivo,0.3,0.2,0.0013,0.0026
56,0.3,0.2,0.0013,0.0026
##ry,0.3,0.2,0.0013,0.0026
##rice,0.3,0.2,0.0013,0.0026
##časti,0.3,0.2,0.0013,0.0026
30,0.3,0.2,0.0013,0.0026
##ml,0.3,0.2,0.0013,0.0026
##čin,0.3,0.2,0.0013,0.0026
##my,0.3,0.2,0.0013,0.0026
##čito,0.3,0.2,0.0013,0.0026
##čku,0.3,0.2,0.0013,0.0026
##ndia,0.3,0.2,0.0013,0.0026
25,0.3,0.2,0.0013,0.0026
203,0.3,0.2,0.0013,0.0026
##rat,0.3,0.2,0.0013,0.0026
##nika,0.3,0.2,0.0013,0.0026
##čnosti,0.3,0.2,0.0013,0.0026
##rae,0.3,0.2,0.0013,0.0026
##pre,0.3,0.2,0.0013,0.0026
##ější,0.3,0.2,0.0013,0.0026
##nského,0.3,0.2,0.0013,0.0026
##nách,0.3,0.2,0.0013,0.0026
##pou,0.3,0.2,0.0013,0.0026
Kun,0.3,0.2,0.0013,0.0026
##istické,0.3,0.2,0.0013,0.0026
Les,0.3,0.2,0.0013,0.0026
##uti,0.3,0.2,0.0013,0.0026
##but,0.3,0.2,0.0013,0.0026
Spears,0.3,0.2,0.0013,0.0026
##cení,0.3,0.2,0.0013,0.0026
Sin,0.3,0.2,0.0013,0.0026
##vci,0.3,0.2,0.0013,0.0026
Severní,0.3,0.2,0.0013,0.0026
##cie,0.3,0.2,0.0013,0.0026
##vatsku,0.3,0.2,0.0013,0.0026
##vate,0.3,0.2,0.0013,0.0026
##valo,0.3,0.2,0.0013,0.0026
##cko,0.3,0.2,0.0013,0.0026
##uze,0.3,0.2,0.0013,0.0026
##zen,0.3,0.2,0.0013,0.0026
##ulos,0.3,0.2,0.0013,0.0026
##cuje,0.3,0.2,0.0013,0.0026
Reuters,0.3,0.2,0.0013,0.0026
Republik,0.3,0.2,0.0013,0.0026
##zení,0.3,0.2,0.0013,0.0026
##cím,0.3,0.2,0.0013,0.0026
Prost,0.3,0.2,0.0013,0.0026
##dera,0.3,0.2,0.0013,0.0026
##dne,0.3,0.2,0.0013,0.0026
Pla,0.3,0.2,0.0013,0.0026
Petra,0.3,0.2,0.0013,0.0026
##zh,0.3,0.2,0.0013,0.0026
##zice,0.3,0.2,0.0013,0.0026
##br,0.3,0.2,0.0013,0.0026
##boru,0.3,0.2,0.0013,0.0026
##vez,0.3,0.2,0.0013,0.0026
Tat,0.3,0.2,0.0013,0.0026
##vská,0.3,0.2,0.0013,0.0026
##P,0.3,0.2,0.0013,0.0026
##voz,0.3,0.2,0.0013,0.0026
arm,0.3,0.2,0.0013,0.0026
##aden,0.3,0.2,0.0013,0.0026
##adu,0.3,0.2,0.0013,0.0026
amerických,0.3,0.2,0.0013,0.0026
am,0.3,0.2,0.0013,0.0026
akademik,0.3,0.2,0.0013,0.0026
##vole,0.3,0.2,0.0013,0.0026
##ali,0.3,0.2,0.0013,0.0026
Zo,0.3,0.2,0.0013,0.0026
Ze,0.3,0.2,0.0013,0.0026
##yda,0.3,0.2,0.0013,0.0026
Washington,0.3,0.2,0.0013,0.0026
##ani,0.3,0.2,0.0013,0.0026
Václava,0.3,0.2,0.0013,0.0026
##aps,0.3,0.2,0.0013,0.0026
##vně,0.3,0.2,0.0013,0.0026
Univ,0.3,0.2,0.0013,0.0026
##vit,0.3,0.2,0.0013,0.0026
##yne,0.3,0.2,0.0013,0.0026
To,0.3,0.2,0.0013,0.0026
##yni,0.3,0.2,0.0013,0.0026
##bli,0.3,0.2,0.0013,0.0026
Peking,0.3,0.2,0.0013,0.0026
##ozen,0.3,0.2,0.0013,0.0026
##esu,0.3,0.2,0.0013,0.0026
##zni,0.3,0.2,0.0013,0.0026
##f,0.3,0.2,0.0013,0.0026
Moskva,0.3,0.2,0.0013,0.0026
##udo,0.3,0.2,0.0013,0.0026
##tra,0.3,0.2,0.0013,0.0026
Obama,0.3,0.2,0.0013,0.0026
##zo,0.3,0.2,0.0013,0.0026
##zky,0.3,0.2,0.0013,0.0026
##enského,0.3,0.2,0.0013,0.0026
##ádu,0.3,0.2,0.0013,0.0026
##tov,0.3,0.2,0.0013,0.0026
##fik,0.3,0.2,0.0013,0.0026
##eň,0.3,0.2,0.0013,0.0026
##Ö,0.3,0.2,0.0013,0.0026
##tres,0.3,0.2,0.0013,0.0026
##zvan,0.3,0.2,0.0013,0.0026
##álního,0.3,0.2,0.0013,0.0026
##tuje,0.3,0.2,0.0013,0.0026
Národního,0.3,0.2,0.0013,0.0026
Některé,0.3,0.2,0.0013,0.0026
##erz,0.3,0.2,0.0013,0.0026
##ube,0.3,0.2,0.0013,0.0026
Nový,0.3,0.2,0.0013,0.0026
Line,0.3,0.2,0.0013,0.0026
Miroslav,0.3,0.2,0.0013,0.0026
##fino,0.3,0.2,0.0013,0.0026
##gr,0.3,0.2,0.0013,0.0026
##gent,0.3,0.2,0.0013,0.0026
Matt,0.3,0.2,0.0013,0.0026
##zoru,0.3,0.2,0.0013,0.0026
##g,0.3,0.2,0.0013,0.0026
##fis,0.3,0.2,0.0013,0.0026
##losti,0.2,0.1333,0.0013,0.0025
Challenger,0.2,0.1333,0.0013,0.0025
Rodney,0.2,0.1333,0.0013,0.0025
Col,0.2,0.1333,0.0013,0.0025
##vári,0.2,0.1333,0.0013,0.0025
##álně,0.2,0.1333,0.0013,0.0025
King,0.2,0.1333,0.0013,0.0025
jednom,0.2,0.1333,0.0013,0.0025
##oven,0.2,0.1333,0.0013,0.0025
##áhl,0.2,0.1333,0.0013,0.0025
států,0.2,0.1333,0.0013,0.0025
##sl,0.2,0.1333,0.0013,0.0025
##des,0.2,0.1333,0.0013,0.0025
1235,0.2,0.1333,0.0013,0.0025
motor,0.2,0.1333,0.0013,0.0025
Tunis,0.15,0.0833,0.0013,0.0025
##tiny,0.15,0.0833,0.0013,0.0025
##řena,0.15,0.0833,0.0013,0.0025
17,0.15,0.0833,0.0013,0.0025
##lení,0.15,0.0833,0.0013,0.0025
in,0.15,0.0833,0.0013,0.0025
##kový,0.15,0.0833,0.0013,0.0025
##ta,0.15,0.0833,0.0013,0.0025
dopravy,0.15,0.0833,0.0013,0.0025
##uce,0.2,0.1333,0.0009,0.0017
##uf,0.2,0.1333,0.0009,0.0017
##tou,0.2,0.1333,0.0009,0.0017
##tko,0.2,0.1333,0.0009,0.0017
##ující,0.2,0.1333,0.0009,0.0017
post,0.2,0.1333,0.0009,0.0017
##slav,0.2,0.1333,0.0009,0.0017
##sov,0.2,0.1333,0.0009,0.0017
##tor,0.2,0.1333,0.0009,0.0017
region,0.2,0.1333,0.0009,0.0017
##voval,0.2,0.1333,0.0009,0.0017
##ter,0.2,0.1333,0.0009,0.0017
##tipo,0.2,0.1333,0.0009,0.0017
##sp,0.2,0.1333,0.0009,0.0017
##stat,0.2,0.1333,0.0009,0.0017
používa,0.2,0.1333,0.0009,0.0017
##uka,0.2,0.1333,0.0009,0.0017
použití,0.2,0.1333,0.0009,0.0017
##sti,0.2,0.1333,0.0009,0.0017
##upu,0.2,0.1333,0.0009,0.0017
##upe,0.2,0.1333,0.0009,0.0017
##ury,0.2,0.1333,0.0009,0.0017
##use,0.2,0.1333,0.0009,0.0017
politika,0.2,0.1333,0.0009,0.0017
##tel,0.2,0.1333,0.0009,0.0017
##rd,0.2,0.1333,0.0009,0.0017
##tala,0.2,0.1333,0.0009,0.0017
##vern,0.2,0.1333,0.0009,0.0017
##rije,0.2,0.1333,0.0009,0.0017
##ranno,0.2,0.1333,0.0009,0.0017
##ryk,0.2,0.1333,0.0009,0.0017
privat,0.2,0.1333,0.0009,0.0017
##vili,0.2,0.1333,0.0009,0.0017
##sah,0.2,0.1333,0.0009,0.0017
##pracoval,0.2,0.1333,0.0009,0.0017
##sem,0.2,0.1333,0.0009,0.0017
one,0.2,0.1333,0.0009,0.0017
##tels,0.2,0.1333,0.0009,0.0017
##ute,0.2,0.1333,0.0009,0.0017
##sť,0.2,0.1333,0.0009,0.0017
##poru,0.2,0.1333,0.0009,0.0017
##vini,0.2,0.1333,0.0009,0.0017
##viny,0.2,0.1333,0.0009,0.0017
##su,0.2,0.1333,0.0009,0.0017
##sky,0.2,0.1333,0.0009,0.0017
##ten,0.2,0.1333,0.0009,0.0017
##rate,0.2,0.1333,0.0009,0.0017
ben,0.2,0.1333,0.0009,0.0017
##oze,0.2,0.1333,0.0009,0.0017
vyhrál,0.2,0.1333,0.0009,0.0017
##eda,0.2,0.1333,0.0009,0.0017
##ega,0.2,0.1333,0.0009,0.0017
##ei,0.2,0.1333,0.0009,0.0017
##enal,0.2,0.1333,0.0009,0.0017
však,0.2,0.1333,0.0009,0.0017
významné,0.2,0.1333,0.0009,0.0017
##enty,0.2,0.1333,0.0009,0.0017
východní,0.2,0.1333,0.0009,0.0017
##eri,0.2,0.1333,0.0009,0.0017
##etek,0.2,0.1333,0.0009,0.0017
##eva,0.2,0.1333,0.0009,0.0017
##eve,0.2,0.1333,0.0009,0.0017
vyko,0.2,0.1333,0.0009,0.0017
##eš,0.2,0.1333,0.0009,0.0017
zahraničí,0.2,0.1333,0.0009,0.0017
##far,0.2,0.1333,0.0009,0.0017
##fe,0.2,0.1333,0.0009,0.0017
##fii,0.2,0.1333,0.0009,0.0017
##fin,0.2,0.1333,0.0009,0.0017
vice,0.2,0.1333,0.0009,0.0017
##hor,0.2,0.1333,0.0009,0.0017
##hý,0.2,0.1333,0.0009,0.0017
##iana,0.2,0.1333,0.0009,0.0017
##icz,0.2,0.1333,0.0009,0.0017
up,0.2,0.1333,0.0009,0.0017
##ino,0.2,0.1333,0.0009,0.0017
##ise,0.2,0.1333,0.0009,0.0017
##iska,0.2,0.1333,0.0009,0.0017
##ební,0.2,0.1333,0.0009,0.0017
##dí,0.2,0.1333,0.0009,0.0017
téměř,0.2,0.1333,0.0009,0.0017
Čechách,0.2,0.1333,0.0009,0.0017
##9,0.2,0.1333,0.0009,0.0017
žen,0.2,0.1333,0.0009,0.0017
##adel,0.2,0.1333,0.0009,0.0017
##ak,0.2,0.1333,0.0009,0.0017
##akt,0.2,0.1333,0.0009,0.0017
##ana,0.2,0.1333,0.0009,0.0017
##ata,0.2,0.1333,0.0009,0.0017
či,0.2,0.1333,0.0009,0.0017
českých,0.2,0.1333,0.0009,0.0017
##au,0.2,0.1333,0.0009,0.0017
##avu,0.2,0.1333,0.0009,0.0017
##bc,0.2,0.1333,0.0009,0.0017
##bil,0.2,0.1333,0.0009,0.0017
##boro,0.2,0.1333,0.0009,0.0017
##dno,0.2,0.1333,0.0009,0.0017
##ca,0.2,0.1333,0.0009,0.0017
##chat,0.2,0.1333,0.0009,0.0017
Á,0.2,0.1333,0.0009,0.0017
##cií,0.2,0.1333,0.0009,0.0017
##cka,0.2,0.1333,0.0009,0.0017
##cou,0.2,0.1333,0.0009,0.0017
základní,0.2,0.1333,0.0009,0.0017
zvolen,0.2,0.1333,0.0009,0.0017
##czy,0.2,0.1333,0.0009,0.0017
##cích,0.2,0.1333,0.0009,0.0017
##dal,0.2,0.1333,0.0009,0.0017
##dat,0.2,0.1333,0.0009,0.0017
začal,0.2,0.1333,0.0009,0.0017
též,0.2,0.1333,0.0009,0.0017
##ista,0.2,0.1333,0.0009,0.0017
##ovém,0.2,0.1333,0.0009,0.0017
##ntra,0.2,0.1333,0.0009,0.0017
spolupráci,0.2,0.1333,0.0009,0.0017
společností,0.2,0.1333,0.0009,0.0017
##menu,0.2,0.1333,0.0009,0.0017
##mos,0.2,0.1333,0.0009,0.0017
##mát,0.2,0.1333,0.0009,0.0017
##nal,0.2,0.1333,0.0009,0.0017
##nast,0.2,0.1333,0.0009,0.0017
##nev,0.2,0.1333,0.0009,0.0017
##nit,0.2,0.1333,0.0009,0.0017
##nky,0.2,0.1333,0.0009,0.0017
##novi,0.2,0.1333,0.0009,0.0017
skupině,0.2,0.1333,0.0009,0.0017
##nsko,0.2,0.1333,0.0009,0.0017
##nář,0.2,0.1333,0.0009,0.0017
stal,0.2,0.1333,0.0009,0.0017
##nění,0.2,0.1333,0.0009,0.0017
##ogh,0.2,0.1333,0.0009,0.0017
##oh,0.2,0.1333,0.0009,0.0017
sel,0.2,0.1333,0.0009,0.0017
##omo,0.2,0.1333,0.0009,0.0017
##orno,0.2,0.1333,0.0009,0.0017
rychle,0.2,0.1333,0.0009,0.0017
rozdíl,0.2,0.1333,0.0009,0.0017
rom,0.2,0.1333,0.0009,0.0017
##ovalo,0.2,0.1333,0.0009,0.0017
##ované,0.2,0.1333,0.0009,0.0017
##ovo,0.2,0.1333,0.0009,0.0017
resta,0.2,0.1333,0.0009,0.0017
##mbu,0.2,0.1333,0.0009,0.0017
stan,0.2,0.1333,0.0009,0.0017
tá,0.2,0.1333,0.0009,0.0017
##ksi,0.2,0.1333,0.0009,0.0017
##istik,0.2,0.1333,0.0009,0.0017
##iv,0.2,0.1333,0.0009,0.0017
##iza,0.2,0.1333,0.0009,0.0017
##izo,0.2,0.1333,0.0009,0.0017
##jov,0.2,0.1333,0.0009,0.0017
##ke,0.2,0.1333,0.0009,0.0017
tedy,0.2,0.1333,0.0009,0.0017
##kk,0.2,0.1333,0.0009,0.0017
také,0.2,0.1333,0.0009,0.0017
tak,0.2,0.1333,0.0009,0.0017
##klo,0.2,0.1333,0.0009,0.0017
##kop,0.2,0.1333,0.0009,0.0017
##kova,0.2,0.1333,0.0009,0.0017
##kur,0.2,0.1333,0.0009,0.0017
stanu,0.2,0.1333,0.0009,0.0017
svých,0.2,0.1333,0.0009,0.0017
##lada,0.2,0.1333,0.0009,0.0017
##lans,0.2,0.1333,0.0009,0.0017
##lap,0.2,0.1333,0.0009,0.0017
##lek,0.2,0.1333,0.0009,0.0017
##leni,0.2,0.1333,0.0009,0.0017
##lib,0.2,0.1333,0.0009,0.0017
##lipas,0.2,0.1333,0.0009,0.0017
obci,0.2,0.1333,0.0009,0.0017
##lob,0.2,0.1333,0.0009,0.0017
stojí,0.2,0.1333,0.0009,0.0017
##lské,0.2,0.1333,0.0009,0.0017
star,0.2,0.1333,0.0009,0.0017
##liv,0.2,0.1333,0.0009,0.0017
##ších,0.2,0.1333,0.0009,0.0017
##vého,0.2,0.1333,0.0009,0.0017
East,0.2,0.1333,0.0009,0.0017
1961,0.2,0.1333,0.0009,0.0017
1968,0.2,0.1333,0.0009,0.0017
1994,0.2,0.1333,0.0009,0.0017
kromě,0.2,0.1333,0.0009,0.0017
2003,0.2,0.1333,0.0009,0.0017
27,0.2,0.1333,0.0009,0.0017
konce,0.2,0.1333,0.0009,0.0017
kom,0.2,0.1333,0.0009,0.0017
klima,0.2,0.1333,0.0009,0.0017
53,0.2,0.1333,0.0009,0.0017
72,0.2,0.1333,0.0009,0.0017
Allende,0.2,0.1333,0.0009,0.0017
Anders,0.2,0.1333,0.0009,0.0017
již,0.2,0.1333,0.0009,0.0017
ji,0.2,0.1333,0.0009,0.0017
Boris,0.2,0.1333,0.0009,0.0017
jejím,0.2,0.1333,0.0009,0.0017
jejich,0.2,0.1333,0.0009,0.0017
jedné,0.2,0.1333,0.0009,0.0017
Ci,0.2,0.1333,0.0009,0.0017
into,0.2,0.1333,0.0009,0.0017
květnu,0.2,0.1333,0.0009,0.0017
1841,0.2,0.1333,0.0009,0.0017
175,0.2,0.1333,0.0009,0.0017
maji,0.2,0.1333,0.0009,0.0017
##čky,0.2,0.1333,0.0009,0.0017
##čním,0.2,0.1333,0.0009,0.0017
##čuje,0.2,0.1333,0.0009,0.0017
##ěny,0.2,0.1333,0.0009,0.0017
##ń,0.2,0.1333,0.0009,0.0017
##šen,0.2,0.1333,0.0009,0.0017
##šeno,0.2,0.1333,0.0009,0.0017
man,0.2,0.1333,0.0009,0.0017
##šla,0.2,0.1333,0.0009,0.0017
maj,0.2,0.1333,0.0009,0.0017
lan,0.2,0.1333,0.0009,0.0017
##šno,0.2,0.1333,0.0009,0.0017
##šně,0.2,0.1333,0.0009,0.0017
lý,0.2,0.1333,0.0009,0.0017
##ť,0.2,0.1333,0.0009,0.0017
##žni,0.2,0.1333,0.0009,0.0017
##žný,0.2,0.1333,0.0009,0.0017
liber,0.2,0.1333,0.0009,0.0017
letu,0.2,0.1333,0.0009,0.0017
100,0.2,0.1333,0.0009,0.0017
Development,0.2,0.1333,0.0009,0.0017
Film,0.2,0.1333,0.0009,0.0017
##čar,0.2,0.1333,0.0009,0.0017
Haag,0.2,0.1333,0.0009,0.0017
Rada,0.2,0.1333,0.0009,0.0017
dl,0.2,0.1333,0.0009,0.0017
Rasmussen,0.2,0.1333,0.0009,0.0017
Salvador,0.2,0.1333,0.0009,0.0017
def,0.2,0.1333,0.0009,0.0017
de,0.2,0.1333,0.0009,0.0017
Sarajevu,0.2,0.1333,0.0009,0.0017
Slovenska,0.2,0.1333,0.0009,0.0017
Summit,0.2,0.1333,0.0009,0.0017
Tam,0.2,0.1333,0.0009,0.0017
Tech,0.2,0.1333,0.0009,0.0017
Ten,0.2,0.1333,0.0009,0.0017
Twitter,0.2,0.1333,0.0009,0.0017
Vale,0.2,0.1333,0.0009,0.0017
během,0.2,0.1333,0.0009,0.0017
adres,0.2,0.1333,0.0009,0.0017
ap,0.2,0.1333,0.0009,0.0017
architekt,0.2,0.1333,0.0009,0.0017
autem,0.2,0.1333,0.0009,0.0017
autorem,0.2,0.1333,0.0009,0.0017
ba,0.2,0.1333,0.0009,0.0017
dob,0.2,0.1333,0.0009,0.0017
Pob,0.2,0.1333,0.0009,0.0017
Patrice,0.2,0.1333,0.0009,0.0017
Middle,0.2,0.1333,0.0009,0.0017
Hon,0.2,0.1333,0.0009,0.0017
Hum,0.2,0.1333,0.0009,0.0017
historic,0.2,0.1333,0.0009,0.0017
Jedna,0.2,0.1333,0.0009,0.0017
Jeho,0.2,0.1333,0.0009,0.0017
Johnson,0.2,0.1333,0.0009,0.0017
Ker,0.2,0.1333,0.0009,0.0017
fotbal,0.2,0.1333,0.0009,0.0017
Mexiko,0.2,0.1333,0.0009,0.0017
Mimo,0.2,0.1333,0.0009,0.0017
došlo,0.2,0.1333,0.0009,0.0017
energii,0.2,0.1333,0.0009,0.0017
Nes,0.2,0.1333,0.0009,0.0017
Nu,0.2,0.1333,0.0009,0.0017
dílo,0.2,0.1333,0.0009,0.0017
Ob,0.2,0.1333,0.0009,0.0017
dél,0.2,0.1333,0.0009,0.0017
Of,0.2,0.1333,0.0009,0.0017
Ole,0.2,0.1333,0.0009,0.0017
PR,0.2,0.1333,0.0009,0.0017
##čené,0.2,0.1333,0.0009,0.0017
Antonín,0.2,0.1333,0.0009,0.0017
##zena,0.2,0.1333,0.0009,0.0017
např,0.2,0.1333,0.0009,0.0017
##úry,0.2,0.1333,0.0009,0.0017
##álním,0.2,0.1333,0.0009,0.0017
nově,0.2,0.1333,0.0009,0.0017
##yslu,0.2,0.1333,0.0009,0.0017
##yu,0.2,0.1333,0.0009,0.0017
##úd,0.2,0.1333,0.0009,0.0017
muzej,0.2,0.1333,0.0009,0.0017
nakonec,0.2,0.1333,0.0009,0.0017
##éd,0.2,0.1333,0.0009,0.0017
muzeum,0.2,0.1333,0.0009,0.0017
##ápad,0.2,0.1333,0.0009,0.0017
novou,0.2,0.1333,0.0009,0.0017
##öl,0.2,0.1333,0.0009,0.0017
##áta,0.2,0.1333,0.0009,0.0017
##átu,0.2,0.1333,0.0009,0.0017
novi,0.2,0.1333,0.0009,0.0017
##íny,0.2,0.1333,0.0009,0.0017
##íku,0.2,0.1333,0.0009,0.0017
##ík,0.2,0.1333,0.0009,0.0017
##yšlo,0.2,0.1333,0.0009,0.0017
##zas,0.2,0.1333,0.0009,0.0017
niz,0.2,0.1333,0.0009,0.0017
nikdy,0.2,0.1333,0.0009,0.0017
může,0.2,0.1333,0.0009,0.0017
##ávání,0.2,0.1333,0.0009,0.0017
##zea,0.2,0.1333,0.0009,0.0017
##zinu,0.2,0.1333,0.0009,0.0017
##érou,0.2,0.1333,0.0009,0.0017
##ék,0.2,0.1333,0.0009,0.0017
motiv,0.2,0.1333,0.0009,0.0017
##zew,0.2,0.1333,0.0009,0.0017
mo,0.2,0.1333,0.0009,0.0017
národní,0.2,0.1333,0.0009,0.0017
##áh,0.2,0.1333,0.0009,0.0017
množství,0.2,0.1333,0.0009,0.0017
mode,0.2,0.1333,0.0009,0.0017
##vét,0.2,0.1333,0.0009,0.0017
##fa,0.1,0.0667,0.0009,0.0017
##eno,0.1,0.0667,0.0009,0.0017
om,0.05,0.0167,0.0009,0.0017
##šší,0.05,0.0167,0.0009,0.0017
jedno,0.05,0.0167,0.0009,0.0017
##tér,0.1,0.0667,0.0004,0.0009
Mis,0.1,0.0667,0.0004,0.0009
##eži,0.1,0.0667,0.0004,0.0009
uni,0.1,0.0667,0.0004,0.0009
Mr,0.1,0.0667,0.0004,0.0009
##zm,0.1,0.0667,0.0004,0.0009
##tán,0.1,0.0667,0.0004,0.0009
##ezi,0.1,0.0667,0.0004,0.0009
##fan,0.1,0.0667,0.0004,0.0009
##ezen,0.1,0.0667,0.0004,0.0009
filmy,0.1,0.0667,0.0004,0.0009
Mu,0.1,0.0667,0.0004,0.0009
Jedno,0.1,0.0667,0.0004,0.0009
nebo,0.1,0.0667,0.0004,0.0009
##zit,0.1,0.0667,0.0004,0.0009
Nobel,0.1,0.0667,0.0004,0.0009
h,0.1,0.0667,0.0004,0.0009
vznikla,0.1,0.0667,0.0004,0.0009
Izrael,0.1,0.0667,0.0004,0.0009
dříve,0.1,0.0667,0.0004,0.0009
park,0.1,0.0667,0.0004,0.0009
##erit,0.1,0.0667,0.0004,0.0009
##zici,0.1,0.0667,0.0004,0.0009
panel,0.1,0.0667,0.0004,0.0009
##isko,0.1,0.0667,0.0004,0.0009
výkon,0.1,0.0667,0.0004,0.0009
Nem,0.1,0.0667,0.0004,0.0009
fan,0.1,0.0667,0.0004,0.0009
##zna,0.1,0.0667,0.0004,0.0009
##zou,0.1,0.0667,0.0004,0.0009
L,0.1,0.0667,0.0004,0.0009
ved,0.1,0.0667,0.0004,0.0009
Mae,0.1,0.0667,0.0004,0.0009
##ia,0.1,0.0667,0.0004,0.0009
Kr,0.1,0.0667,0.0004,0.0009
##icist,0.1,0.0667,0.0004,0.0009
velikosti,0.1,0.0667,0.0004,0.0009
Kore,0.1,0.0667,0.0004,0.0009
##gd,0.1,0.0667,0.0004,0.0009
for,0.1,0.0667,0.0004,0.0009
##ga,0.1,0.0667,0.0004,0.0009
##zor,0.1,0.0667,0.0004,0.0009
uvádí,0.1,0.0667,0.0004,0.0009
ut,0.1,0.0667,0.0004,0.0009
Mac,0.1,0.0667,0.0004,0.0009
##fra,0.1,0.0667,0.0004,0.0009
figur,0.1,0.0667,0.0004,0.0009
##ilo,0.1,0.0667,0.0004,0.0009
##zt,0.1,0.0667,0.0004,0.0009
Karl,0.1,0.0667,0.0004,0.0009
##im,0.1,0.0667,0.0004,0.0009
Michel,0.1,0.0667,0.0004,0.0009
vlastní,0.1,0.0667,0.0004,0.0009
##znika,0.1,0.0667,0.0004,0.0009
unika,0.1,0.0667,0.0004,0.0009
Milo,0.1,0.0667,0.0004,0.0009
farm,0.1,0.0667,0.0004,0.0009
Karin,0.1,0.0667,0.0004,0.0009
filha,0.1,0.0667,0.0004,0.0009
##rii,0.1,0.0667,0.0004,0.0009
dvou,0.1,0.0667,0.0004,0.0009
Voz,0.1,0.0667,0.0004,0.0009
United,0.1,0.0667,0.0004,0.0009
celo,0.1,0.0667,0.0004,0.0009
##ati,0.1,0.0667,0.0004,0.0009
##atos,0.1,0.0667,0.0004,0.0009
##atur,0.1,0.0667,0.0004,0.0009
blok,0.1,0.0667,0.0004,0.0009
##ava,0.1,0.0667,0.0004,0.0009
Tres,0.1,0.0667,0.0004,0.0009
##azu,0.1,0.0667,0.0004,0.0009
##bach,0.1,0.0667,0.0004,0.0009
Tem,0.1,0.0667,0.0004,0.0009
##bito,0.1,0.0667,0.0004,0.0009
##born,0.1,0.0667,0.0004,0.0009
Spojených,0.1,0.0667,0.0004,0.0009
ci,0.1,0.0667,0.0004,0.0009
##yna,0.1,0.0667,0.0004,0.0009
of,0.1,0.0667,0.0004,0.0009
což,0.1,0.0667,0.0004,0.0009
být,0.1,0.0667,0.0004,0.0009
##vés,0.1,0.0667,0.0004,0.0009
##D,0.1,0.0667,0.0004,0.0009
některých,0.1,0.0667,0.0004,0.0009
automobile,0.1,0.0667,0.0004,0.0009
##U,0.1,0.0667,0.0004,0.0009
##VI,0.1,0.0667,0.0004,0.0009
##ab,0.1,0.0667,0.0004,0.0009
##adi,0.1,0.0667,0.0004,0.0009
##yl,0.1,0.0667,0.0004,0.0009
##ago,0.1,0.0667,0.0004,0.0009
##agu,0.1,0.0667,0.0004,0.0009
alia,0.1,0.0667,0.0004,0.0009
agente,0.1,0.0667,0.0004,0.0009
##yle,0.1,0.0667,0.0004,0.0009
##alu,0.1,0.0667,0.0004,0.0009
Spojené,0.1,0.0667,0.0004,0.0009
##cem,0.1,0.0667,0.0004,0.0009
net,0.1,0.0667,0.0004,0.0009
##dku,0.1,0.0667,0.0004,0.0009
dochází,0.1,0.0667,0.0004,0.0009
začalo,0.1,0.0667,0.0004,0.0009
Pet,0.1,0.0667,0.0004,0.0009
zat,0.1,0.0667,0.0004,0.0009
People,0.1,0.0667,0.0004,0.0009
##ist,0.1,0.0667,0.0004,0.0009
Pape,0.1,0.0667,0.0004,0.0009
##ecké,0.1,0.0667,0.0004,0.0009
Palm,0.1,0.0667,0.0004,0.0009
web,0.1,0.0667,0.0004,0.0009
drog,0.1,0.0667,0.0004,0.0009
##usi,0.1,0.0667,0.0004,0.0009
Oz,0.1,0.0667,0.0004,0.0009
Ost,0.1,0.0667,0.0004,0.0009
##enské,0.1,0.0667,0.0004,0.0009
##dlo,0.1,0.0667,0.0004,0.0009
##dkem,0.1,0.0667,0.0004,0.0009
##vero,0.1,0.0667,0.0004,0.0009
##dern,0.1,0.0667,0.0004,0.0009
##cera,0.1,0.0667,0.0004,0.0009
da,0.1,0.0667,0.0004,0.0009
dan,0.1,0.0667,0.0004,0.0009
##vek,0.1,0.0667,0.0004,0.0009
##ck,0.1,0.0667,0.0004,0.0009
##veden,0.1,0.0667,0.0004,0.0009
dek,0.1,0.0667,0.0004,0.0009
##ckých,0.1,0.0667,0.0004,0.0009
Santi,0.1,0.0667,0.0004,0.0009
SSSR,0.1,0.0667,0.0004,0.0009
##cov,0.1,0.0667,0.0004,0.0009
Rok,0.1,0.0667,0.0004,0.0009
Rock,0.1,0.0667,0.0004,0.0009
##vam,0.1,0.0667,0.0004,0.0009
Preto,0.1,0.0667,0.0004,0.0009
##iso,0.1,0.0667,0.0004,0.0009
##tos,0.1,0.0667,0.0004,0.0009
Islands,0.1,0.0667,0.0004,0.0009
mužů,0.1,0.0667,0.0004,0.0009
1920,0.1,0.0667,0.0004,0.0009
kultur,0.1,0.0667,0.0004,0.0009
silnice,0.1,0.0667,0.0004,0.0009
19,0.1,0.0667,0.0004,0.0009
##stavu,0.1,0.0667,0.0004,0.0009
##od,0.1,0.0667,0.0004,0.0009
set,0.1,0.0667,0.0004,0.0009
latin,0.1,0.0667,0.0004,0.0009
navi,0.1,0.0667,0.0004,0.0009
##sper,0.1,0.0667,0.0004,0.0009
##ok,0.1,0.0667,0.0004,0.0009
##oko,0.1,0.0667,0.0004,0.0009
##oký,0.1,0.0667,0.0004,0.0009
##onu,0.1,0.0667,0.0004,0.0009
10,0.1,0.0667,0.0004,0.0009
##sme,0.1,0.0667,0.0004,0.0009
kterým,0.1,0.0667,0.0004,0.0009
skladu,0.1,0.0667,0.0004,0.0009
kterého,0.1,0.0667,0.0004,0.0009
skupin,0.1,0.0667,0.0004,0.0009
29,0.1,0.0667,0.0004,0.0009
##éry,0.1,0.0667,0.0004,0.0009
kontrolu,0.1,0.0667,0.0004,0.0009
sorti,0.1,0.0667,0.0004,0.0009
2018,0.1,0.0667,0.0004,0.0009
##nie,0.1,0.0667,0.0004,0.0009
##struktur,0.1,0.0667,0.0004,0.0009
##niky,0.1,0.0667,0.0004,0.0009
##nili,0.1,0.0667,0.0004,0.0009
2000,0.1,0.0667,0.0004,0.0009
##ího,0.1,0.0667,0.0004,0.0009
##nosti,0.1,0.0667,0.0004,0.0009
království,0.1,0.0667,0.0004,0.0009
##nska,0.1,0.0667,0.0004,0.0009
kterou,0.1,0.0667,0.0004,0.0009
##úr,0.1,0.0667,0.0004,0.0009
##žila,0.1,0.0667,0.0004,0.0009
##out,0.1,0.0667,0.0004,0.0009
##pekt,0.1,0.0667,0.0004,0.0009
##řské,0.1,0.0667,0.0004,0.0009
##pole,0.1,0.0667,0.0004,0.0009
##řila,0.1,0.0667,0.0004,0.0009
##pot,0.1,0.0667,0.0004,0.0009
##ělo,0.1,0.0667,0.0004,0.0009
##pravu,0.1,0.0667,0.0004,0.0009
##roma,0.1,0.0667,0.0004,0.0009
##radi,0.1,0.0667,0.0004,0.0009
##rna,0.1,0.0667,0.0004,0.0009
práci,0.1,0.0667,0.0004,0.0009
##čného,0.1,0.0667,0.0004,0.0009
##ranti,0.1,0.0667,0.0004,0.0009
##rmon,0.1,0.0667,0.0004,0.0009
minut,0.1,0.0667,0.0004,0.0009
##rci,0.1,0.0667,0.0004,0.0009
##rál,0.1,0.0667,0.0004,0.0009
##pat,0.1,0.0667,0.0004,0.0009
ligy,0.1,0.0667,0.0004,0.0009
moderní,0.1,0.0667,0.0004,0.0009
##ovac,0.1,0.0667,0.0004,0.0009
liter,0.1,0.0667,0.0004,0.0009
počtu,0.1,0.0667,0.0004,0.0009
most,0.1,0.0667,0.0004,0.0009
##ovu,0.1,0.0667,0.0004,0.0009
rež,0.1,0.0667,0.0004,0.0009
##ován,0.1,0.0667,0.0004,0.0009
##sil,0.1,0.0667,0.0004,0.0009
majetku,0.1,0.0667,0.0004,0.0009
##ča,0.1,0.0667,0.0004,0.0009
##schop,0.1,0.0667,0.0004,0.0009
mohli,0.1,0.0667,0.0004,0.0009
ren,0.1,0.0667,0.0004,0.0009
##šili,0.1,0.0667,0.0004,0.0009
regionu,0.1,0.0667,0.0004,0.0009
soutěže,0.1,0.0667,0.0004,0.0009
konflikt,0.1,0.0667,0.0004,0.0009
současnosti,0.1,0.0667,0.0004,0.0009
##kali,0.1,0.0667,0.0004,0.0009
teh,0.1,0.0667,0.0004,0.0009
Energy,0.1,0.0667,0.0004,0.0009
Eisenhower,0.1,0.0667,0.0004,0.0009
indo,0.1,0.0667,0.0004,0.0009
##kl,0.1,0.0667,0.0004,0.0009
##klimat,0.1,0.0667,0.0004,0.0009
Dwight,0.1,0.0667,0.0004,0.0009
nap,0.1,0.0667,0.0004,0.0009
irá,0.1,0.0667,0.0004,0.0009
sí,0.1,0.0667,0.0004,0.0009
Demo,0.1,0.0667,0.0004,0.0009
Castro,0.1,0.0667,0.0004,0.0009
##krat,0.1,0.0667,0.0004,0.0009
CO,0.1,0.0667,0.0004,0.0009
##kách,0.1,0.0667,0.0004,0.0009
Fan,0.1,0.0667,0.0004,0.0009
há,0.1,0.0667,0.0004,0.0009
##lab,0.1,0.0667,0.0004,0.0009
hy,0.1,0.0667,0.0004,0.0009
##ády,0.1,0.0667,0.0004,0.0009
Hradec,0.1,0.0667,0.0004,0.0009
Horn,0.1,0.0667,0.0004,0.0009
##ádě,0.1,0.0667,0.0004,0.0009
##ita,0.1,0.0667,0.0004,0.0009
##ite,0.1,0.0667,0.0004,0.0009
He,0.1,0.0667,0.0004,0.0009
Freddie,0.1,0.0667,0.0004,0.0009
Frank,0.1,0.0667,0.0004,0.0009
##izuje,0.1,0.0667,0.0004,0.0009
hrál,0.1,0.0667,0.0004,0.0009
##jení,0.1,0.0667,0.0004,0.0009
hu,0.1,0.0667,0.0004,0.0009
Filip,0.1,0.0667,0.0004,0.0009
##jin,0.1,0.0667,0.0004,0.0009
svými,0.1,0.0667,0.0004,0.0009
##lal,0.1,0.0667,0.0004,0.0009
konci,0.1,0.0667,0.0004,0.0009
670,0.1,0.0667,0.0004,0.0009
##lský,0.1,0.0667,0.0004,0.0009
##lství,0.1,0.0667,0.0004,0.0009
starost,0.1,0.0667,0.0004,0.0009
##tat,0.1,0.0667,0.0004,0.0009
5000,0.1,0.0667,0.0004,0.0009
50,0.1,0.0667,0.0004,0.0009
##lých,0.1,0.0667,0.0004,0.0009
##man,0.1,0.0667,0.0004,0.0009
##mde,0.1,0.0667,0.0004,0.0009
4500,0.1,0.0667,0.0004,0.0009
##men,0.1,0.0667,0.0004,0.0009
40,0.1,0.0667,0.0004,0.0009
4,0.1,0.0667,0.0004,0.0009
3,0.1,0.0667,0.0004,0.0009
##mou,0.1,0.0667,0.0004,0.0009
60,0.1,0.0667,0.0004,0.0009
každý,0.1,0.0667,0.0004,0.0009
##áty,0.1,0.0667,0.0004,0.0009
měly,0.1,0.0667,0.0004,0.0009
##lanti,0.1,0.0667,0.0004,0.0009
Bohemia,0.1,0.0667,0.0004,0.0009
##lato,0.1,0.0667,0.0004,0.0009
##law,0.1,0.0667,0.0004,0.0009
polovině,0.1,0.0667,0.0004,0.0009
jiné,0.1,0.0667,0.0004,0.0009
jiných,0.1,0.0667,0.0004,0.0009
##lene,0.1,0.0667,0.0004,0.0009
Barney,0.1,0.0667,0.0004,0.0009
Aust,0.1,0.0667,0.0004,0.0009
##lila,0.1,0.0667,0.0004,0.0009
oblast,0.1,0.0667,0.0004,0.0009
Ama,0.1,0.0667,0.0004,0.0009
##áře,0.1,0.0667,0.0004,0.0009
stran,0.1,0.0667,0.0004,0.0009
okolo,0.1,0.0667,0.0004,0.0009
